-- MySQL dump 10.13  Distrib 8.0.25, for Win64 (x86_64)
--
-- Host: localhost    Database: jv44_project_final_flightbooking
-- ------------------------------------------------------
-- Server version	8.0.25

/*!40101 SET @OLD_CHARACTER_SET_CLIENT=@@CHARACTER_SET_CLIENT */;
/*!40101 SET @OLD_CHARACTER_SET_RESULTS=@@CHARACTER_SET_RESULTS */;
/*!40101 SET @OLD_COLLATION_CONNECTION=@@COLLATION_CONNECTION */;
/*!50503 SET NAMES utf8 */;
/*!40103 SET @OLD_TIME_ZONE=@@TIME_ZONE */;
/*!40103 SET TIME_ZONE='+00:00' */;
/*!40014 SET @OLD_UNIQUE_CHECKS=@@UNIQUE_CHECKS, UNIQUE_CHECKS=0 */;
/*!40014 SET @OLD_FOREIGN_KEY_CHECKS=@@FOREIGN_KEY_CHECKS, FOREIGN_KEY_CHECKS=0 */;
/*!40101 SET @OLD_SQL_MODE=@@SQL_MODE, SQL_MODE='NO_AUTO_VALUE_ON_ZERO' */;
/*!40111 SET @OLD_SQL_NOTES=@@SQL_NOTES, SQL_NOTES=0 */;

--
-- Table structure for table `account`
--

DROP TABLE IF EXISTS `account`;
/*!40101 SET @saved_cs_client     = @@character_set_client */;
/*!50503 SET character_set_client = utf8mb4 */;
CREATE TABLE `account` (
  `id` int NOT NULL AUTO_INCREMENT,
  `address` varchar(255) DEFAULT NULL,
  `birthday` date DEFAULT NULL,
  `email` varchar(255) DEFAULT NULL,
  `fullName` varchar(255) DEFAULT NULL,
  `gender` varchar(255) DEFAULT NULL,
  `phone` varchar(255) DEFAULT NULL,
  `password` varchar(255) DEFAULT NULL,
  `status` varchar(255) DEFAULT NULL,
  PRIMARY KEY (`id`)
) ENGINE=InnoDB DEFAULT CHARSET=utf8mb4 COLLATE=utf8mb4_0900_ai_ci;
/*!40101 SET character_set_client = @saved_cs_client */;

--
-- Dumping data for table `account`
--

LOCK TABLES `account` WRITE;
/*!40000 ALTER TABLE `account` DISABLE KEYS */;
/*!40000 ALTER TABLE `account` ENABLE KEYS */;
UNLOCK TABLES;

--
-- Table structure for table `aircraft`
--

DROP TABLE IF EXISTS `aircraft`;
/*!40101 SET @saved_cs_client     = @@character_set_client */;
/*!50503 SET character_set_client = utf8mb4 */;
CREATE TABLE `aircraft` (
  `id` int NOT NULL AUTO_INCREMENT,
  `name` varchar(255) DEFAULT NULL,
  `number` int DEFAULT NULL,
  `rowNumber` int DEFAULT NULL,
  `colNumber` int DEFAULT NULL,
  PRIMARY KEY (`id`)
) ENGINE=InnoDB AUTO_INCREMENT=6 DEFAULT CHARSET=utf8mb4 COLLATE=utf8mb4_0900_ai_ci;
/*!40101 SET character_set_client = @saved_cs_client */;

--
-- Dumping data for table `aircraft`
--

LOCK TABLES `aircraft` WRITE;
/*!40000 ALTER TABLE `aircraft` DISABLE KEYS */;
INSERT INTO `aircraft` VALUES (1,'Airbus A350-900 XWB',222,37,6),(2,'ATR 72-500',240,40,6),(3,'Boeing 787-9 Dreamliner',228,38,6),(4,'Airbus A330 ',300,50,6),(5,'AA330',240,40,6);
/*!40000 ALTER TABLE `aircraft` ENABLE KEYS */;
UNLOCK TABLES;

--
-- Table structure for table `aircraft_seat`
--

DROP TABLE IF EXISTS `aircraft_seat`;
/*!40101 SET @saved_cs_client     = @@character_set_client */;
/*!50503 SET character_set_client = utf8mb4 */;
CREATE TABLE `aircraft_seat` (
  `id` int NOT NULL AUTO_INCREMENT,
  `aircraft_id` int DEFAULT NULL,
  `flight_id` int DEFAULT NULL,
  `seat_id` int DEFAULT NULL,
  `seat_status_id` int DEFAULT NULL,
  `seat_type_id` int DEFAULT NULL,
  PRIMARY KEY (`id`),
  KEY `FKa6tnimi12kcn6dj63al0j5brh` (`aircraft_id`),
  KEY `FKqkaghoec4komv2hk6upalxrl` (`flight_id`),
  KEY `FK7ptubgw7u7mp7m7q7thgcxnuo` (`seat_id`),
  KEY `FK7xe2ymf2f0no1din2ni696qwx` (`seat_status_id`),
  KEY `FKcbpj4hpxggd5tyd0y8elhqiuc` (`seat_type_id`),
  CONSTRAINT `FK7ptubgw7u7mp7m7q7thgcxnuo` FOREIGN KEY (`seat_id`) REFERENCES `seat` (`id`),
  CONSTRAINT `FK7xe2ymf2f0no1din2ni696qwx` FOREIGN KEY (`seat_status_id`) REFERENCES `seat_status` (`id`),
  CONSTRAINT `FKa6tnimi12kcn6dj63al0j5brh` FOREIGN KEY (`aircraft_id`) REFERENCES `aircraft` (`id`),
  CONSTRAINT `FKcbpj4hpxggd5tyd0y8elhqiuc` FOREIGN KEY (`seat_type_id`) REFERENCES `seat_type` (`id`),
  CONSTRAINT `FKqkaghoec4komv2hk6upalxrl` FOREIGN KEY (`flight_id`) REFERENCES `flight` (`id`)
) ENGINE=InnoDB AUTO_INCREMENT=6762 DEFAULT CHARSET=utf8mb4 COLLATE=utf8mb4_0900_ai_ci;
/*!40101 SET character_set_client = @saved_cs_client */;

--
-- Dumping data for table `aircraft_seat`
--

LOCK TABLES `aircraft_seat` WRITE;
/*!40000 ALTER TABLE `aircraft_seat` DISABLE KEYS */;
INSERT INTO `aircraft_seat` VALUES (1,1,13,1,3,1),(2,1,13,2,3,1),(3,1,13,3,3,1),(4,1,13,4,3,1),(5,1,13,5,3,1),(6,1,13,6,3,1),(7,1,13,7,3,1),(8,1,13,8,3,1),(9,1,13,9,3,1),(10,1,13,10,3,1),(11,1,13,11,2,1),(12,1,13,12,1,1),(13,1,13,13,1,1),(14,1,13,14,1,1),(15,1,13,15,1,1),(16,1,13,16,2,1),(17,1,13,17,1,1),(18,1,13,18,1,1),(19,1,13,19,1,1),(20,1,13,20,1,1),(21,1,13,21,1,1),(22,1,13,22,1,1),(23,1,13,23,1,1),(24,1,13,24,1,1),(25,1,13,25,1,1),(26,1,13,26,1,1),(27,1,13,27,1,1),(28,1,13,28,3,1),(29,1,13,29,1,1),(30,1,13,30,1,1),(31,1,13,31,1,2),(32,1,13,32,1,2),(33,1,13,33,1,2),(34,1,13,34,3,2),(35,1,13,35,3,2),(36,1,13,36,1,2),(37,1,13,37,1,2),(38,1,13,38,1,2),(39,1,13,39,1,2),(40,1,13,40,1,2),(41,1,13,41,1,2),(42,1,13,42,1,2),(43,1,13,43,1,2),(44,1,13,44,1,2),(45,1,13,45,1,2),(46,1,13,46,1,2),(47,1,13,47,1,2),(48,1,13,48,1,2),(49,1,13,49,1,2),(50,1,13,50,1,2),(51,1,13,51,1,2),(52,1,13,52,1,2),(53,1,13,53,1,2),(54,1,13,54,1,2),(55,1,13,55,1,2),(56,1,13,56,1,2),(57,1,13,57,1,2),(58,1,13,58,1,2),(59,1,13,59,1,2),(60,1,13,60,1,2),(61,1,13,61,1,2),(62,1,13,62,1,2),(63,1,13,63,1,2),(64,1,13,64,1,2),(65,1,13,65,1,2),(66,1,13,66,1,2),(67,1,13,67,1,2),(68,1,13,68,1,2),(69,1,13,69,1,2),(70,1,13,70,1,2),(71,1,13,71,1,2),(72,1,13,72,1,2),(73,1,13,73,1,2),(74,1,13,74,1,2),(75,1,13,75,1,2),(76,1,13,76,1,2),(77,1,13,77,1,2),(78,1,13,78,1,2),(79,1,13,79,1,2),(80,1,13,80,1,2),(81,1,13,81,1,2),(82,1,13,82,1,2),(83,1,13,83,1,2),(84,1,13,84,1,2),(85,1,13,85,1,2),(86,1,13,86,1,2),(87,1,13,87,1,2),(88,1,13,88,1,2),(89,1,13,89,1,2),(90,1,13,90,1,2),(91,1,13,91,1,3),(92,1,13,92,1,3),(93,1,13,93,1,3),(94,1,13,94,1,3),(95,1,13,95,1,3),(96,1,13,96,1,3),(97,1,13,97,1,3),(98,1,13,98,1,3),(99,1,13,99,1,3),(100,1,13,100,1,3),(101,1,13,101,1,3),(102,1,13,102,1,3),(103,1,13,103,1,3),(104,1,13,104,1,3),(105,1,13,105,1,3),(106,1,13,106,1,3),(107,1,13,107,1,3),(108,1,13,108,1,3),(109,1,13,109,1,3),(110,1,13,110,1,3),(111,1,13,111,1,3),(112,1,13,112,1,3),(113,1,13,113,1,3),(114,1,13,114,1,3),(115,1,13,115,1,3),(116,1,13,116,1,3),(117,1,13,117,1,3),(118,1,13,118,1,3),(119,1,13,119,1,3),(120,1,13,120,1,3),(121,1,13,121,1,3),(122,1,13,122,1,3),(123,1,13,123,1,3),(124,1,13,124,1,3),(125,1,13,125,1,3),(126,1,13,126,1,3),(127,1,13,127,1,3),(128,1,13,128,1,3),(129,1,13,129,1,3),(130,1,13,130,1,3),(131,1,13,131,1,3),(132,1,13,132,1,3),(133,1,13,133,1,3),(134,1,13,134,1,3),(135,1,13,135,1,3),(136,1,13,136,1,3),(137,1,13,137,1,3),(138,1,13,138,1,3),(139,1,13,139,1,3),(140,1,13,140,1,3),(141,1,13,141,1,3),(142,1,13,142,1,3),(143,1,13,143,1,3),(144,1,13,144,1,3),(145,1,13,145,1,3),(146,1,13,146,1,3),(147,1,13,147,1,3),(148,1,13,148,1,3),(149,1,13,149,1,3),(150,1,13,150,1,3),(151,1,13,151,1,3),(152,1,13,152,1,3),(153,1,13,153,1,3),(154,1,13,154,1,3),(155,1,13,155,1,3),(156,1,13,156,1,3),(157,1,13,157,1,3),(158,1,13,158,1,3),(159,1,13,159,1,3),(160,1,13,160,1,3),(161,1,13,161,1,3),(162,1,13,162,1,3),(163,1,13,163,1,3),(164,1,13,164,1,3),(165,1,13,165,1,3),(166,1,13,166,1,3),(167,1,13,167,1,3),(168,1,13,168,1,3),(169,1,13,169,1,3),(170,1,13,170,1,3),(171,1,13,171,1,3),(172,1,13,172,1,3),(173,1,13,173,1,3),(174,1,13,174,1,3),(175,1,13,175,1,3),(176,1,13,176,1,3),(177,1,13,177,1,3),(178,1,13,178,1,3),(179,1,13,179,1,3),(180,1,13,180,1,3),(181,1,13,181,1,3),(182,1,13,182,1,3),(183,1,13,183,1,3),(184,1,13,184,1,3),(185,1,13,185,1,3),(186,1,13,186,1,3),(187,1,13,187,1,3),(188,1,13,188,1,3),(189,1,13,189,1,3),(190,1,13,190,1,3),(191,1,13,191,1,3),(192,1,13,192,1,3),(193,1,13,193,1,3),(194,1,13,194,1,3),(195,1,13,195,1,3),(196,1,13,196,1,3),(197,1,13,197,1,3),(198,1,13,198,1,3),(199,1,13,199,1,3),(200,1,13,200,1,3),(201,1,13,201,1,3),(202,1,13,202,1,3),(203,1,13,203,1,3),(204,1,13,204,1,3),(205,1,13,205,1,3),(206,1,13,206,1,3),(207,1,13,207,1,3),(208,1,13,208,1,3),(209,1,13,209,1,3),(210,1,13,210,1,3),(211,1,13,211,1,3),(212,1,13,212,1,3),(213,1,13,213,1,3),(214,1,13,214,1,3),(215,1,13,215,1,3),(216,1,13,216,1,3),(217,1,13,217,1,3),(218,1,13,218,1,3),(219,1,13,219,1,3),(220,1,13,220,1,3),(221,1,13,221,3,3),(222,1,13,222,3,3),(223,2,14,1,3,1),(224,2,14,2,3,1),(225,2,14,3,3,1),(226,2,14,4,3,1),(227,2,14,5,1,1),(228,2,14,6,1,1),(229,2,14,7,1,1),(230,2,14,8,1,1),(231,2,14,9,1,1),(232,2,14,10,1,1),(233,2,14,11,1,1),(234,2,14,12,1,1),(235,2,14,13,1,1),(236,2,14,14,1,1),(237,2,14,15,1,1),(238,2,14,16,1,1),(239,2,14,17,1,1),(240,2,14,18,1,1),(241,2,14,19,1,1),(242,2,14,20,1,1),(243,2,14,21,1,1),(244,2,14,22,1,1),(245,2,14,23,1,1),(246,2,14,24,1,1),(247,2,14,25,1,1),(248,2,14,26,1,1),(249,2,14,27,1,1),(250,2,14,28,1,1),(251,2,14,29,1,1),(252,2,14,30,1,1),(253,2,14,31,1,2),(254,2,14,32,1,2),(255,2,14,33,1,2),(256,2,14,34,1,2),(257,2,14,35,1,2),(258,2,14,36,1,2),(259,2,14,37,1,2),(260,2,14,38,1,2),(261,2,14,39,1,2),(262,2,14,40,1,2),(263,2,14,41,1,2),(264,2,14,42,1,2),(265,2,14,43,1,2),(266,2,14,44,1,2),(267,2,14,45,1,2),(268,2,14,46,1,2),(269,2,14,47,1,2),(270,2,14,48,1,2),(271,2,14,49,1,2),(272,2,14,50,1,2),(273,2,14,51,1,2),(274,2,14,52,1,2),(275,2,14,53,1,2),(276,2,14,54,1,2),(277,2,14,55,1,2),(278,2,14,56,1,2),(279,2,14,57,1,2),(280,2,14,58,1,2),(281,2,14,59,1,2),(282,2,14,60,1,2),(283,2,14,61,1,2),(284,2,14,62,1,2),(285,2,14,63,1,2),(286,2,14,64,1,2),(287,2,14,65,1,2),(288,2,14,66,1,2),(289,2,14,67,1,2),(290,2,14,68,1,2),(291,2,14,69,1,2),(292,2,14,70,1,2),(293,2,14,71,1,2),(294,2,14,72,1,2),(295,2,14,73,1,2),(296,2,14,74,1,2),(297,2,14,75,1,2),(298,2,14,76,1,2),(299,2,14,77,1,2),(300,2,14,78,1,2),(301,2,14,79,1,2),(302,2,14,80,1,2),(303,2,14,81,1,2),(304,2,14,82,1,2),(305,2,14,83,1,2),(306,2,14,84,1,2),(307,2,14,85,1,2),(308,2,14,86,1,2),(309,2,14,87,1,2),(310,2,14,88,1,2),(311,2,14,89,1,2),(312,2,14,90,1,2),(313,2,14,91,1,3),(314,2,14,92,1,3),(315,2,14,93,1,3),(316,2,14,94,1,3),(317,2,14,95,1,3),(318,2,14,96,1,3),(319,2,14,97,1,3),(320,2,14,98,1,3),(321,2,14,99,1,3),(322,2,14,100,1,3),(323,2,14,101,1,3),(324,2,14,102,1,3),(325,2,14,103,1,3),(326,2,14,104,1,3),(327,2,14,105,1,3),(328,2,14,106,1,3),(329,2,14,107,1,3),(330,2,14,108,1,3),(331,2,14,109,1,3),(332,2,14,110,1,3),(333,2,14,111,1,3),(334,2,14,112,1,3),(335,2,14,113,1,3),(336,2,14,114,1,3),(337,2,14,115,1,3),(338,2,14,116,1,3),(339,2,14,117,1,3),(340,2,14,118,1,3),(341,2,14,119,1,3),(342,2,14,120,1,3),(343,2,14,121,1,3),(344,2,14,122,1,3),(345,2,14,123,1,3),(346,2,14,124,1,3),(347,2,14,125,1,3),(348,2,14,126,1,3),(349,2,14,127,1,3),(350,2,14,128,1,3),(351,2,14,129,1,3),(352,2,14,130,1,3),(353,2,14,131,1,3),(354,2,14,132,1,3),(355,2,14,133,1,3),(356,2,14,134,1,3),(357,2,14,135,1,3),(358,2,14,136,1,3),(359,2,14,137,1,3),(360,2,14,138,1,3),(361,2,14,139,1,3),(362,2,14,140,1,3),(363,2,14,141,1,3),(364,2,14,142,1,3),(365,2,14,143,1,3),(366,2,14,144,1,3),(367,2,14,145,1,3),(368,2,14,146,1,3),(369,2,14,147,1,3),(370,2,14,148,1,3),(371,2,14,149,1,3),(372,2,14,150,1,3),(373,2,14,151,1,3),(374,2,14,152,1,3),(375,2,14,153,1,3),(376,2,14,154,1,3),(377,2,14,155,1,3),(378,2,14,156,1,3),(379,2,14,157,1,3),(380,2,14,158,1,3),(381,2,14,159,1,3),(382,2,14,160,1,3),(383,2,14,161,1,3),(384,2,14,162,1,3),(385,2,14,163,1,3),(386,2,14,164,1,3),(387,2,14,165,1,3),(388,2,14,166,1,3),(389,2,14,167,1,3),(390,2,14,168,1,3),(391,2,14,169,1,3),(392,2,14,170,1,3),(393,2,14,171,1,3),(394,2,14,172,1,3),(395,2,14,173,1,3),(396,2,14,174,1,3),(397,2,14,175,1,3),(398,2,14,176,1,3),(399,2,14,177,1,3),(400,2,14,178,1,3),(401,2,14,179,1,3),(402,2,14,180,1,3),(403,2,14,181,1,3),(404,2,14,182,1,3),(405,2,14,183,1,3),(406,2,14,184,1,3),(407,2,14,185,1,3),(408,2,14,186,1,3),(409,2,14,187,1,3),(410,2,14,188,1,3),(411,2,14,189,1,3),(412,2,14,190,1,3),(413,2,14,191,1,3),(414,2,14,192,1,3),(415,2,14,193,1,3),(416,2,14,194,1,3),(417,2,14,195,1,3),(418,2,14,196,1,3),(419,2,14,197,1,3),(420,2,14,198,1,3),(421,2,14,199,1,3),(422,2,14,200,1,3),(423,2,14,201,1,3),(424,2,14,202,1,3),(425,2,14,203,1,3),(426,2,14,204,1,3),(427,2,14,205,1,3),(428,2,14,206,1,3),(429,2,14,207,1,3),(430,2,14,208,1,3),(431,2,14,209,1,3),(432,2,14,210,1,3),(433,2,14,211,1,3),(434,2,14,212,1,3),(435,2,14,213,1,3),(436,2,14,214,1,3),(437,2,14,215,1,3),(438,2,14,216,1,3),(439,2,14,217,1,3),(440,2,14,218,1,3),(441,2,14,219,1,3),(442,2,14,220,1,3),(443,2,14,221,1,3),(444,2,14,222,1,3),(445,2,14,223,1,3),(446,2,14,224,1,3),(447,2,14,225,1,3),(448,2,14,226,1,3),(449,2,14,227,1,3),(450,2,14,228,1,3),(451,2,14,229,1,3),(452,2,14,230,1,3),(453,2,14,231,1,3),(454,2,14,232,1,3),(455,2,14,233,1,3),(456,2,14,234,1,3),(457,2,14,235,1,3),(458,2,14,236,1,3),(459,2,14,237,1,3),(460,2,14,238,1,3),(461,2,14,239,1,3),(462,2,14,240,1,3),(463,3,15,1,1,1),(464,3,15,2,1,1),(465,3,15,3,1,1),(466,3,15,4,1,1),(467,3,15,5,1,1),(468,3,15,6,1,1),(469,3,15,7,1,1),(470,3,15,8,1,1),(471,3,15,9,1,1),(472,3,15,10,1,1),(473,3,15,11,1,1),(474,3,15,12,1,1),(475,3,15,13,1,1),(476,3,15,14,1,1),(477,3,15,15,1,1),(478,3,15,16,1,1),(479,3,15,17,1,1),(480,3,15,18,1,1),(481,3,15,19,1,1),(482,3,15,20,1,1),(483,3,15,21,1,1),(484,3,15,22,1,1),(485,3,15,23,1,1),(486,3,15,24,1,1),(487,3,15,25,1,1),(488,3,15,26,1,1),(489,3,15,27,1,1),(490,3,15,28,1,1),(491,3,15,29,1,1),(492,3,15,30,1,1),(493,3,15,31,1,2),(494,3,15,32,1,2),(495,3,15,33,1,2),(496,3,15,34,1,2),(497,3,15,35,1,2),(498,3,15,36,1,2),(499,3,15,37,1,2),(500,3,15,38,1,2),(501,3,15,39,1,2),(502,3,15,40,1,2),(503,3,15,41,1,2),(504,3,15,42,1,2),(505,3,15,43,1,2),(506,3,15,44,1,2),(507,3,15,45,1,2),(508,3,15,46,1,2),(509,3,15,47,1,2),(510,3,15,48,1,2),(511,3,15,49,1,2),(512,3,15,50,1,2),(513,3,15,51,1,2),(514,3,15,52,1,2),(515,3,15,53,1,2),(516,3,15,54,1,2),(517,3,15,55,1,2),(518,3,15,56,1,2),(519,3,15,57,1,2),(520,3,15,58,1,2),(521,3,15,59,1,2),(522,3,15,60,1,2),(523,3,15,61,1,2),(524,3,15,62,1,2),(525,3,15,63,1,2),(526,3,15,64,1,2),(527,3,15,65,1,2),(528,3,15,66,1,2),(529,3,15,67,1,2),(530,3,15,68,1,2),(531,3,15,69,1,2),(532,3,15,70,1,2),(533,3,15,71,1,2),(534,3,15,72,1,2),(535,3,15,73,1,2),(536,3,15,74,1,2),(537,3,15,75,1,2),(538,3,15,76,1,2),(539,3,15,77,1,2),(540,3,15,78,1,2),(541,3,15,79,1,2),(542,3,15,80,1,2),(543,3,15,81,1,2),(544,3,15,82,1,2),(545,3,15,83,1,2),(546,3,15,84,1,2),(547,3,15,85,1,2),(548,3,15,86,1,2),(549,3,15,87,1,2),(550,3,15,88,1,2),(551,3,15,89,1,2),(552,3,15,90,1,2),(553,3,15,91,1,3),(554,3,15,92,1,3),(555,3,15,93,1,3),(556,3,15,94,1,3),(557,3,15,95,1,3),(558,3,15,96,1,3),(559,3,15,97,1,3),(560,3,15,98,1,3),(561,3,15,99,1,3),(562,3,15,100,1,3),(563,3,15,101,1,3),(564,3,15,102,1,3),(565,3,15,103,1,3),(566,3,15,104,1,3),(567,3,15,105,1,3),(568,3,15,106,1,3),(569,3,15,107,1,3),(570,3,15,108,1,3),(571,3,15,109,1,3),(572,3,15,110,1,3),(573,3,15,111,1,3),(574,3,15,112,1,3),(575,3,15,113,1,3),(576,3,15,114,1,3),(577,3,15,115,1,3),(578,3,15,116,1,3),(579,3,15,117,1,3),(580,3,15,118,1,3),(581,3,15,119,1,3),(582,3,15,120,1,3),(583,3,15,121,1,3),(584,3,15,122,1,3),(585,3,15,123,1,3),(586,3,15,124,1,3),(587,3,15,125,1,3),(588,3,15,126,1,3),(589,3,15,127,1,3),(590,3,15,128,1,3),(591,3,15,129,1,3),(592,3,15,130,1,3),(593,3,15,131,1,3),(594,3,15,132,1,3),(595,3,15,133,1,3),(596,3,15,134,1,3),(597,3,15,135,1,3),(598,3,15,136,1,3),(599,3,15,137,1,3),(600,3,15,138,1,3),(601,3,15,139,1,3),(602,3,15,140,1,3),(603,3,15,141,1,3),(604,3,15,142,1,3),(605,3,15,143,1,3),(606,3,15,144,1,3),(607,3,15,145,1,3),(608,3,15,146,1,3),(609,3,15,147,1,3),(610,3,15,148,1,3),(611,3,15,149,1,3),(612,3,15,150,1,3),(613,3,15,151,1,3),(614,3,15,152,1,3),(615,3,15,153,1,3),(616,3,15,154,1,3),(617,3,15,155,1,3),(618,3,15,156,1,3),(619,3,15,157,1,3),(620,3,15,158,1,3),(621,3,15,159,1,3),(622,3,15,160,1,3),(623,3,15,161,1,3),(624,3,15,162,1,3),(625,3,15,163,1,3),(626,3,15,164,1,3),(627,3,15,165,1,3),(628,3,15,166,1,3),(629,3,15,167,1,3),(630,3,15,168,1,3),(631,3,15,169,1,3),(632,3,15,170,1,3),(633,3,15,171,1,3),(634,3,15,172,1,3),(635,3,15,173,1,3),(636,3,15,174,1,3),(637,3,15,175,1,3),(638,3,15,176,1,3),(639,3,15,177,1,3),(640,3,15,178,1,3),(641,3,15,179,1,3),(642,3,15,180,1,3),(643,3,15,181,1,3),(644,3,15,182,1,3),(645,3,15,183,1,3),(646,3,15,184,1,3),(647,3,15,185,1,3),(648,3,15,186,1,3),(649,3,15,187,1,3),(650,3,15,188,1,3),(651,3,15,189,1,3),(652,3,15,190,1,3),(653,3,15,191,1,3),(654,3,15,192,1,3),(655,3,15,193,1,3),(656,3,15,194,1,3),(657,3,15,195,1,3),(658,3,15,196,1,3),(659,3,15,197,1,3),(660,3,15,198,1,3),(661,3,15,199,1,3),(662,3,15,200,1,3),(663,3,15,201,1,3),(664,3,15,202,1,3),(665,3,15,203,1,3),(666,3,15,204,1,3),(667,3,15,205,1,3),(668,3,15,206,1,3),(669,3,15,207,1,3),(670,3,15,208,1,3),(671,3,15,209,1,3),(672,3,15,210,1,3),(673,3,15,211,1,3),(674,3,15,212,1,3),(675,3,15,213,1,3),(676,3,15,214,1,3),(677,3,15,215,1,3),(678,3,15,216,1,3),(679,3,15,217,1,3),(680,3,15,218,1,3),(681,3,15,219,1,3),(682,3,15,220,1,3),(683,3,15,221,1,3),(684,3,15,222,1,3),(685,3,15,223,1,3),(686,3,15,224,1,3),(687,3,15,225,1,3),(688,3,15,226,1,3),(689,3,15,227,1,3),(690,3,15,228,1,3),(691,4,NULL,1,1,1),(692,4,NULL,2,1,1),(693,4,NULL,3,1,1),(694,4,NULL,4,1,1),(695,4,NULL,5,1,1),(696,4,NULL,6,1,1),(697,4,NULL,7,1,1),(698,4,NULL,8,1,1),(699,4,NULL,9,1,1),(700,4,NULL,10,1,1),(701,4,NULL,11,1,1),(702,4,NULL,12,1,1),(703,4,NULL,13,1,1),(704,4,NULL,14,1,1),(705,4,NULL,15,1,1),(706,4,NULL,16,1,1),(707,4,NULL,17,1,1),(708,4,NULL,18,1,1),(709,4,NULL,19,1,1),(710,4,NULL,20,1,1),(711,4,NULL,21,1,1),(712,4,NULL,22,1,1),(713,4,NULL,23,1,1),(714,4,NULL,24,1,1),(715,4,NULL,25,1,1),(716,4,NULL,26,1,1),(717,4,NULL,27,1,1),(718,4,NULL,28,1,1),(719,4,NULL,29,1,1),(720,4,NULL,30,1,1),(721,4,NULL,31,1,2),(722,4,NULL,32,1,2),(723,4,NULL,33,1,2),(724,4,NULL,34,1,2),(725,4,NULL,35,1,2),(726,4,NULL,36,1,2),(727,4,NULL,37,1,2),(728,4,NULL,38,1,2),(729,4,NULL,39,1,2),(730,4,NULL,40,1,2),(731,4,NULL,41,1,2),(732,4,NULL,42,1,2),(733,4,NULL,43,1,2),(734,4,NULL,44,1,2),(735,4,NULL,45,1,2),(736,4,NULL,46,1,2),(737,4,NULL,47,1,2),(738,4,NULL,48,1,2),(739,4,NULL,49,1,2),(740,4,NULL,50,1,2),(741,4,NULL,51,1,2),(742,4,NULL,52,1,2),(743,4,NULL,53,1,2),(744,4,NULL,54,1,2),(745,4,NULL,55,1,2),(746,4,NULL,56,1,2),(747,4,NULL,57,1,2),(748,4,NULL,58,1,2),(749,4,NULL,59,1,2),(750,4,NULL,60,1,2),(751,4,NULL,61,1,2),(752,4,NULL,62,1,2),(753,4,NULL,63,1,2),(754,4,NULL,64,1,2),(755,4,NULL,65,1,2),(756,4,NULL,66,1,2),(757,4,NULL,67,1,2),(758,4,NULL,68,1,2),(759,4,NULL,69,1,2),(760,4,NULL,70,1,2),(761,4,NULL,71,1,2),(762,4,NULL,72,1,2),(763,4,NULL,73,1,2),(764,4,NULL,74,1,2),(765,4,NULL,75,1,2),(766,4,NULL,76,1,2),(767,4,NULL,77,1,2),(768,4,NULL,78,1,2),(769,4,NULL,79,1,2),(770,4,NULL,80,1,2),(771,4,NULL,81,1,2),(772,4,NULL,82,1,2),(773,4,NULL,83,1,2),(774,4,NULL,84,1,2),(775,4,NULL,85,1,2),(776,4,NULL,86,1,2),(777,4,NULL,87,1,2),(778,4,NULL,88,1,2),(779,4,NULL,89,1,2),(780,4,NULL,90,1,2),(781,4,NULL,91,1,3),(782,4,NULL,92,1,3),(783,4,NULL,93,1,3),(784,4,NULL,94,1,3),(785,4,NULL,95,1,3),(786,4,NULL,96,1,3),(787,4,NULL,97,1,3),(788,4,NULL,98,1,3),(789,4,NULL,99,1,3),(790,4,NULL,100,1,3),(791,4,NULL,101,1,3),(792,4,NULL,102,1,3),(793,4,NULL,103,1,3),(794,4,NULL,104,1,3),(795,4,NULL,105,1,3),(796,4,NULL,106,1,3),(797,4,NULL,107,1,3),(798,4,NULL,108,1,3),(799,4,NULL,109,1,3),(800,4,NULL,110,1,3),(801,4,NULL,111,1,3),(802,4,NULL,112,1,3),(803,4,NULL,113,1,3),(804,4,NULL,114,1,3),(805,4,NULL,115,1,3),(806,4,NULL,116,1,3),(807,4,NULL,117,1,3),(808,4,NULL,118,1,3),(809,4,NULL,119,1,3),(810,4,NULL,120,1,3),(811,4,NULL,121,1,3),(812,4,NULL,122,1,3),(813,4,NULL,123,1,3),(814,4,NULL,124,1,3),(815,4,NULL,125,1,3),(816,4,NULL,126,1,3),(817,4,NULL,127,1,3),(818,4,NULL,128,1,3),(819,4,NULL,129,1,3),(820,4,NULL,130,1,3),(821,4,NULL,131,1,3),(822,4,NULL,132,1,3),(823,4,NULL,133,1,3),(824,4,NULL,134,1,3),(825,4,NULL,135,1,3),(826,4,NULL,136,1,3),(827,4,NULL,137,1,3),(828,4,NULL,138,1,3),(829,4,NULL,139,1,3),(830,4,NULL,140,1,3),(831,4,NULL,141,1,3),(832,4,NULL,142,1,3),(833,4,NULL,143,1,3),(834,4,NULL,144,1,3),(835,4,NULL,145,1,3),(836,4,NULL,146,1,3),(837,4,NULL,147,1,3),(838,4,NULL,148,1,3),(839,4,NULL,149,1,3),(840,4,NULL,150,1,3),(841,4,NULL,151,1,3),(842,4,NULL,152,1,3),(843,4,NULL,153,1,3),(844,4,NULL,154,1,3),(845,4,NULL,155,1,3),(846,4,NULL,156,1,3),(847,4,NULL,157,1,3),(848,4,NULL,158,1,3),(849,4,NULL,159,1,3),(850,4,NULL,160,1,3),(851,4,NULL,161,1,3),(852,4,NULL,162,1,3),(853,4,NULL,163,1,3),(854,4,NULL,164,1,3),(855,4,NULL,165,1,3),(856,4,NULL,166,1,3),(857,4,NULL,167,1,3),(858,4,NULL,168,1,3),(859,4,NULL,169,1,3),(860,4,NULL,170,1,3),(861,4,NULL,171,1,3),(862,4,NULL,172,1,3),(863,4,NULL,173,1,3),(864,4,NULL,174,1,3),(865,4,NULL,175,1,3),(866,4,NULL,176,1,3),(867,4,NULL,177,1,3),(868,4,NULL,178,1,3),(869,4,NULL,179,1,3),(870,4,NULL,180,1,3),(871,4,NULL,181,1,3),(872,4,NULL,182,1,3),(873,4,NULL,183,1,3),(874,4,NULL,184,1,3),(875,4,NULL,185,1,3),(876,4,NULL,186,1,3),(877,4,NULL,187,1,3),(878,4,NULL,188,1,3),(879,4,NULL,189,1,3),(880,4,NULL,190,1,3),(881,4,NULL,191,1,3),(882,4,NULL,192,1,3),(883,4,NULL,193,1,3),(884,4,NULL,194,1,3),(885,4,NULL,195,1,3),(886,4,NULL,196,1,3),(887,4,NULL,197,1,3),(888,4,NULL,198,1,3),(889,4,NULL,199,1,3),(890,4,NULL,200,1,3),(891,4,NULL,201,1,3),(892,4,NULL,202,1,3),(893,4,NULL,203,1,3),(894,4,NULL,204,1,3),(895,4,NULL,205,1,3),(896,4,NULL,206,1,3),(897,4,NULL,207,1,3),(898,4,NULL,208,1,3),(899,4,NULL,209,1,3),(900,4,NULL,210,1,3),(901,4,NULL,211,1,3),(902,4,NULL,212,1,3),(903,4,NULL,213,1,3),(904,4,NULL,214,1,3),(905,4,NULL,215,1,3),(906,4,NULL,216,1,3),(907,4,NULL,217,1,3),(908,4,NULL,218,1,3),(909,4,NULL,219,1,3),(910,4,NULL,220,1,3),(911,4,NULL,221,1,3),(912,4,NULL,222,1,3),(913,4,NULL,223,1,3),(914,4,NULL,224,1,3),(915,4,NULL,225,1,3),(916,4,NULL,226,1,3),(917,4,NULL,227,1,3),(918,4,NULL,228,1,3),(919,4,NULL,229,1,3),(920,4,NULL,230,1,3),(921,4,NULL,231,1,3),(922,4,NULL,232,1,3),(923,4,NULL,233,1,3),(924,4,NULL,234,1,3),(925,4,NULL,235,1,3),(926,4,NULL,236,1,3),(927,4,NULL,237,1,3),(928,4,NULL,238,1,3),(929,4,NULL,239,1,3),(930,4,NULL,240,1,3),(931,4,NULL,241,1,3),(932,4,NULL,242,1,3),(933,4,NULL,243,1,3),(934,4,NULL,244,1,3),(935,4,NULL,245,1,3),(936,4,NULL,246,1,3),(937,4,NULL,247,1,3),(938,4,NULL,248,1,3),(939,4,NULL,249,1,3),(940,4,NULL,250,1,3),(941,4,NULL,251,1,3),(942,4,NULL,252,1,3),(943,4,NULL,253,1,3),(944,4,NULL,254,1,3),(945,4,NULL,255,1,3),(946,4,NULL,256,1,3),(947,4,NULL,257,1,3),(948,4,NULL,258,1,3),(949,4,NULL,259,1,3),(950,4,NULL,260,1,3),(951,4,NULL,261,1,3),(952,4,NULL,262,1,3),(953,4,NULL,263,1,3),(954,4,NULL,264,1,3),(955,4,NULL,265,1,3),(956,4,NULL,266,1,3),(957,4,NULL,267,1,3),(958,4,NULL,268,1,3),(959,4,NULL,269,1,3),(960,4,NULL,270,1,3),(961,4,NULL,271,1,3),(962,4,NULL,272,1,3),(963,4,NULL,273,1,3),(964,4,NULL,274,1,3),(965,4,NULL,275,1,3),(966,4,NULL,276,1,3),(967,4,NULL,277,1,3),(968,4,NULL,278,1,3),(969,4,NULL,279,1,3),(970,4,NULL,280,1,3),(971,4,NULL,281,1,3),(972,4,NULL,282,1,3),(973,4,NULL,283,1,3),(974,4,NULL,284,1,3),(975,4,NULL,285,1,3),(976,4,NULL,286,1,3),(977,4,NULL,287,1,3),(978,4,NULL,288,1,3),(979,4,NULL,289,1,3),(980,4,NULL,290,1,3),(981,4,NULL,291,1,3),(982,4,NULL,292,1,3),(983,4,NULL,293,1,3),(984,4,NULL,294,1,3),(985,4,NULL,295,1,3),(986,4,NULL,296,1,3),(987,4,NULL,297,1,3),(988,4,NULL,298,1,3),(989,4,NULL,299,1,3),(990,4,NULL,300,1,3),(1291,5,NULL,1,1,1),(1292,5,NULL,2,1,1),(1293,5,NULL,3,1,1),(1294,5,NULL,4,1,1),(1295,5,NULL,5,1,1),(1296,5,NULL,6,1,1),(1297,5,NULL,7,1,1),(1298,5,NULL,8,1,1),(1299,5,NULL,9,1,1),(1300,5,NULL,10,1,1),(1301,5,NULL,11,1,1),(1302,5,NULL,12,1,1),(1303,5,NULL,13,1,1),(1304,5,NULL,14,1,1),(1305,5,NULL,15,1,1),(1306,5,NULL,16,1,1),(1307,5,NULL,17,1,1),(1308,5,NULL,18,1,1),(1309,5,NULL,19,1,1),(1310,5,NULL,20,1,1),(1311,5,NULL,21,1,1),(1312,5,NULL,22,1,1),(1313,5,NULL,23,1,1),(1314,5,NULL,24,1,1),(1315,5,NULL,25,1,1),(1316,5,NULL,26,1,1),(1317,5,NULL,27,1,1),(1318,5,NULL,28,1,1),(1319,5,NULL,29,1,1),(1320,5,NULL,30,1,1),(1321,5,NULL,31,1,2),(1322,5,NULL,32,1,2),(1323,5,NULL,33,1,2),(1324,5,NULL,34,1,2),(1325,5,NULL,35,1,2),(1326,5,NULL,36,1,2),(1327,5,NULL,37,1,2),(1328,5,NULL,38,1,2),(1329,5,NULL,39,1,2),(1330,5,NULL,40,1,2),(1331,5,NULL,41,1,2),(1332,5,NULL,42,1,2),(1333,5,NULL,43,1,2),(1334,5,NULL,44,1,2),(1335,5,NULL,45,1,2),(1336,5,NULL,46,1,2),(1337,5,NULL,47,1,2),(1338,5,NULL,48,1,2),(1339,5,NULL,49,1,2),(1340,5,NULL,50,1,2),(1341,5,NULL,51,1,2),(1342,5,NULL,52,1,2),(1343,5,NULL,53,1,2),(1344,5,NULL,54,1,2),(1345,5,NULL,55,1,2),(1346,5,NULL,56,1,2),(1347,5,NULL,57,1,2),(1348,5,NULL,58,1,2),(1349,5,NULL,59,1,2),(1350,5,NULL,60,1,2),(1351,5,NULL,61,1,2),(1352,5,NULL,62,1,2),(1353,5,NULL,63,1,2),(1354,5,NULL,64,1,2),(1355,5,NULL,65,1,2),(1356,5,NULL,66,1,2),(1357,5,NULL,67,1,2),(1358,5,NULL,68,1,2),(1359,5,NULL,69,1,2),(1360,5,NULL,70,1,2),(1361,5,NULL,71,1,2),(1362,5,NULL,72,1,2),(1363,5,NULL,73,1,2),(1364,5,NULL,74,1,2),(1365,5,NULL,75,1,2),(1366,5,NULL,76,1,2),(1367,5,NULL,77,1,2),(1368,5,NULL,78,1,2),(1369,5,NULL,79,1,2),(1370,5,NULL,80,1,2),(1371,5,NULL,81,1,2),(1372,5,NULL,82,1,2),(1373,5,NULL,83,1,2),(1374,5,NULL,84,1,2),(1375,5,NULL,85,1,2),(1376,5,NULL,86,1,2),(1377,5,NULL,87,1,2),(1378,5,NULL,88,1,2),(1379,5,NULL,89,1,2),(1380,5,NULL,90,1,2),(1381,5,NULL,91,1,3),(1382,5,NULL,92,1,3),(1383,5,NULL,93,1,3),(1384,5,NULL,94,1,3),(1385,5,NULL,95,1,3),(1386,5,NULL,96,1,3),(1387,5,NULL,97,1,3),(1388,5,NULL,98,1,3),(1389,5,NULL,99,1,3),(1390,5,NULL,100,1,3),(1391,5,NULL,101,1,3),(1392,5,NULL,102,1,3),(1393,5,NULL,103,1,3),(1394,5,NULL,104,1,3),(1395,5,NULL,105,1,3),(1396,5,NULL,106,1,3),(1397,5,NULL,107,1,3),(1398,5,NULL,108,1,3),(1399,5,NULL,109,1,3),(1400,5,NULL,110,1,3),(1401,5,NULL,111,1,3),(1402,5,NULL,112,1,3),(1403,5,NULL,113,1,3),(1404,5,NULL,114,1,3),(1405,5,NULL,115,1,3),(1406,5,NULL,116,1,3),(1407,5,NULL,117,1,3),(1408,5,NULL,118,1,3),(1409,5,NULL,119,1,3),(1410,5,NULL,120,1,3),(1411,5,NULL,121,1,3),(1412,5,NULL,122,1,3),(1413,5,NULL,123,1,3),(1414,5,NULL,124,1,3),(1415,5,NULL,125,1,3),(1416,5,NULL,126,1,3),(1417,5,NULL,127,1,3),(1418,5,NULL,128,1,3),(1419,5,NULL,129,1,3),(1420,5,NULL,130,1,3),(1421,5,NULL,131,1,3),(1422,5,NULL,132,1,3),(1423,5,NULL,133,1,3),(1424,5,NULL,134,1,3),(1425,5,NULL,135,1,3),(1426,5,NULL,136,1,3),(1427,5,NULL,137,1,3),(1428,5,NULL,138,1,3),(1429,5,NULL,139,1,3),(1430,5,NULL,140,1,3),(1431,5,NULL,141,1,3),(1432,5,NULL,142,1,3),(1433,5,NULL,143,1,3),(1434,5,NULL,144,1,3),(1435,5,NULL,145,1,3),(1436,5,NULL,146,1,3),(1437,5,NULL,147,1,3),(1438,5,NULL,148,1,3),(1439,5,NULL,149,1,3),(1440,5,NULL,150,1,3),(1441,5,NULL,151,1,3),(1442,5,NULL,152,1,3),(1443,5,NULL,153,1,3),(1444,5,NULL,154,1,3),(1445,5,NULL,155,1,3),(1446,5,NULL,156,1,3),(1447,5,NULL,157,1,3),(1448,5,NULL,158,1,3),(1449,5,NULL,159,1,3),(1450,5,NULL,160,1,3),(1451,5,NULL,161,1,3),(1452,5,NULL,162,1,3),(1453,5,NULL,163,1,3),(1454,5,NULL,164,1,3),(1455,5,NULL,165,1,3),(1456,5,NULL,166,1,3),(1457,5,NULL,167,1,3),(1458,5,NULL,168,1,3),(1459,5,NULL,169,1,3),(1460,5,NULL,170,1,3),(1461,5,NULL,171,1,3),(1462,5,NULL,172,1,3),(1463,5,NULL,173,1,3),(1464,5,NULL,174,1,3),(1465,5,NULL,175,1,3),(1466,5,NULL,176,1,3),(1467,5,NULL,177,1,3),(1468,5,NULL,178,1,3),(1469,5,NULL,179,1,3),(1470,5,NULL,180,1,3),(1471,5,NULL,181,1,3),(1472,5,NULL,182,1,3),(1473,5,NULL,183,1,3),(1474,5,NULL,184,1,3),(1475,5,NULL,185,1,3),(1476,5,NULL,186,1,3),(1477,5,NULL,187,1,3),(1478,5,NULL,188,1,3),(1479,5,NULL,189,1,3),(1480,5,NULL,190,1,3),(1481,5,NULL,191,1,3),(1482,5,NULL,192,1,3),(1483,5,NULL,193,1,3),(1484,5,NULL,194,1,3),(1485,5,NULL,195,1,3),(1486,5,NULL,196,1,3),(1487,5,NULL,197,1,3),(1488,5,NULL,198,1,3),(1489,5,NULL,199,1,3),(1490,5,NULL,200,1,3),(1491,5,NULL,201,1,3),(1492,5,NULL,202,1,3),(1493,5,NULL,203,1,3),(1494,5,NULL,204,1,3),(1495,5,NULL,205,1,3),(1496,5,NULL,206,1,3),(1497,5,NULL,207,1,3),(1498,5,NULL,208,1,3),(1499,5,NULL,209,1,3),(1500,5,NULL,210,1,3),(1501,5,NULL,211,1,3),(1502,5,NULL,212,1,3),(1503,5,NULL,213,1,3),(1504,5,NULL,214,1,3),(1505,5,NULL,215,1,3),(1506,5,NULL,216,1,3),(1507,5,NULL,217,1,3),(1508,5,NULL,218,1,3),(1509,5,NULL,219,1,3),(1510,5,NULL,220,1,3),(1511,5,NULL,221,1,3),(1512,5,NULL,222,1,3),(1513,5,NULL,223,1,3),(1514,5,NULL,224,1,3),(1515,5,NULL,225,1,3),(1516,5,NULL,226,1,3),(1517,5,NULL,227,1,3),(1518,5,NULL,228,1,3),(1519,5,NULL,229,1,3),(1520,5,NULL,230,1,3),(1521,5,NULL,231,1,3),(1522,5,NULL,232,1,3),(1523,5,NULL,233,1,3),(1524,5,NULL,234,1,3),(1525,5,NULL,235,1,3),(1526,5,NULL,236,1,3),(1527,5,NULL,237,1,3),(1528,5,NULL,238,1,3),(1529,5,NULL,239,1,3),(1530,5,NULL,240,1,3),(1531,1,16,1,1,1),(1532,1,16,2,3,1),(1533,1,16,3,1,1),(1534,1,16,4,1,1),(1535,1,16,5,3,1),(1536,1,16,6,3,1),(1537,1,16,7,1,1),(1538,1,16,8,1,1),(1539,1,16,9,2,1),(1540,1,16,10,1,1),(1541,1,16,11,3,1),(1542,1,16,12,1,1),(1543,1,16,13,1,1),(1544,1,16,14,1,1),(1545,1,16,15,1,1),(1546,1,16,16,1,1),(1547,1,16,17,1,1),(1548,1,16,18,1,1),(1549,1,16,19,1,1),(1550,1,16,20,1,1),(1551,1,16,21,1,1),(1552,1,16,22,1,1),(1553,1,16,23,1,1),(1554,1,16,24,1,1),(1555,1,16,25,1,1),(1556,1,16,26,1,1),(1557,1,16,27,1,1),(1558,1,16,28,1,1),(1559,1,16,29,1,1),(1560,1,16,30,1,1),(1561,1,16,31,1,2),(1562,1,16,32,1,2),(1563,1,16,33,1,2),(1564,1,16,34,3,2),(1565,1,16,35,1,2),(1566,1,16,36,1,2),(1567,1,16,37,1,2),(1568,1,16,38,1,2),(1569,1,16,39,1,2),(1570,1,16,40,1,2),(1571,1,16,41,1,2),(1572,1,16,42,1,2),(1573,1,16,43,1,2),(1574,1,16,44,1,2),(1575,1,16,45,1,2),(1576,1,16,46,1,2),(1577,1,16,47,1,2),(1578,1,16,48,1,2),(1579,1,16,49,1,2),(1580,1,16,50,1,2),(1581,1,16,51,1,2),(1582,1,16,52,1,2),(1583,1,16,53,1,2),(1584,1,16,54,1,2),(1585,1,16,55,1,2),(1586,1,16,56,1,2),(1587,1,16,57,1,2),(1588,1,16,58,1,2),(1589,1,16,59,1,2),(1590,1,16,60,1,2),(1591,1,16,61,1,2),(1592,1,16,62,1,2),(1593,1,16,63,1,2),(1594,1,16,64,1,2),(1595,1,16,65,1,2),(1596,1,16,66,1,2),(1597,1,16,67,1,2),(1598,1,16,68,1,2),(1599,1,16,69,1,2),(1600,1,16,70,1,2),(1601,1,16,71,1,2),(1602,1,16,72,1,2),(1603,1,16,73,1,2),(1604,1,16,74,1,2),(1605,1,16,75,1,2),(1606,1,16,76,1,2),(1607,1,16,77,1,2),(1608,1,16,78,1,2),(1609,1,16,79,1,2),(1610,1,16,80,1,2),(1611,1,16,81,1,2),(1612,1,16,82,1,2),(1613,1,16,83,1,2),(1614,1,16,84,1,2),(1615,1,16,85,1,2),(1616,1,16,86,1,2),(1617,1,16,87,1,2),(1618,1,16,88,1,2),(1619,1,16,89,1,2),(1620,1,16,90,1,2),(1621,1,16,91,1,3),(1622,1,16,92,1,3),(1623,1,16,93,1,3),(1624,1,16,94,1,3),(1625,1,16,95,1,3),(1626,1,16,96,1,3),(1627,1,16,97,1,3),(1628,1,16,98,1,3),(1629,1,16,99,1,3),(1630,1,16,100,1,3),(1631,1,16,101,1,3),(1632,1,16,102,1,3),(1633,1,16,103,1,3),(1634,1,16,104,1,3),(1635,1,16,105,1,3),(1636,1,16,106,1,3),(1637,1,16,107,1,3),(1638,1,16,108,1,3),(1639,1,16,109,1,3),(1640,1,16,110,1,3),(1641,1,16,111,1,3),(1642,1,16,112,1,3),(1643,1,16,113,1,3),(1644,1,16,114,1,3),(1645,1,16,115,1,3),(1646,1,16,116,1,3),(1647,1,16,117,1,3),(1648,1,16,118,1,3),(1649,1,16,119,1,3),(1650,1,16,120,1,3),(1651,1,16,121,1,3),(1652,1,16,122,1,3),(1653,1,16,123,1,3),(1654,1,16,124,1,3),(1655,1,16,125,1,3),(1656,1,16,126,1,3),(1657,1,16,127,1,3),(1658,1,16,128,1,3),(1659,1,16,129,1,3),(1660,1,16,130,1,3),(1661,1,16,131,1,3),(1662,1,16,132,1,3),(1663,1,16,133,1,3),(1664,1,16,134,1,3),(1665,1,16,135,1,3),(1666,1,16,136,1,3),(1667,1,16,137,1,3),(1668,1,16,138,1,3),(1669,1,16,139,1,3),(1670,1,16,140,1,3),(1671,1,16,141,1,3),(1672,1,16,142,1,3),(1673,1,16,143,1,3),(1674,1,16,144,1,3),(1675,1,16,145,1,3),(1676,1,16,146,1,3),(1677,1,16,147,1,3),(1678,1,16,148,1,3),(1679,1,16,149,1,3),(1680,1,16,150,1,3),(1681,1,16,151,1,3),(1682,1,16,152,1,3),(1683,1,16,153,1,3),(1684,1,16,154,1,3),(1685,1,16,155,1,3),(1686,1,16,156,1,3),(1687,1,16,157,1,3),(1688,1,16,158,1,3),(1689,1,16,159,1,3),(1690,1,16,160,1,3),(1691,1,16,161,1,3),(1692,1,16,162,1,3),(1693,1,16,163,1,3),(1694,1,16,164,1,3),(1695,1,16,165,1,3),(1696,1,16,166,1,3),(1697,1,16,167,1,3),(1698,1,16,168,1,3),(1699,1,16,169,1,3),(1700,1,16,170,1,3),(1701,1,16,171,1,3),(1702,1,16,172,1,3),(1703,1,16,173,1,3),(1704,1,16,174,1,3),(1705,1,16,175,1,3),(1706,1,16,176,1,3),(1707,1,16,177,1,3),(1708,1,16,178,1,3),(1709,1,16,179,1,3),(1710,1,16,180,1,3),(1711,1,16,181,1,3),(1712,1,16,182,1,3),(1713,1,16,183,1,3),(1714,1,16,184,1,3),(1715,1,16,185,1,3),(1716,1,16,186,1,3),(1717,1,16,187,1,3),(1718,1,16,188,1,3),(1719,1,16,189,1,3),(1720,1,16,190,1,3),(1721,1,16,191,1,3),(1722,1,16,192,1,3),(1723,1,16,193,1,3),(1724,1,16,194,1,3),(1725,1,16,195,1,3),(1726,1,16,196,1,3),(1727,1,16,197,1,3),(1728,1,16,198,1,3),(1729,1,16,199,1,3),(1730,1,16,200,1,3),(1731,1,16,201,1,3),(1732,1,16,202,1,3),(1733,1,16,203,1,3),(1734,1,16,204,1,3),(1735,1,16,205,1,3),(1736,1,16,206,1,3),(1737,1,16,207,1,3),(1738,1,16,208,1,3),(1739,1,16,209,1,3),(1740,1,16,210,1,3),(1741,1,16,211,1,3),(1742,1,16,212,1,3),(1743,1,16,213,1,3),(1744,1,16,214,1,3),(1745,1,16,215,1,3),(1746,1,16,216,1,3),(1747,1,16,217,1,3),(1748,1,16,218,1,3),(1749,1,16,219,1,3),(1750,1,16,220,1,3),(1751,1,16,221,1,3),(1752,1,16,222,1,3),(1753,2,17,1,1,1),(1754,2,17,2,1,1),(1755,2,17,3,1,1),(1756,2,17,4,1,1),(1757,2,17,5,2,1),(1758,2,17,6,1,1),(1759,2,17,7,1,1),(1760,2,17,8,1,1),(1761,2,17,9,1,1),(1762,2,17,10,1,1),(1763,2,17,11,1,1),(1764,2,17,12,1,1),(1765,2,17,13,1,1),(1766,2,17,14,1,1),(1767,2,17,15,1,1),(1768,2,17,16,1,1),(1769,2,17,17,1,1),(1770,2,17,18,1,1),(1771,2,17,19,1,1),(1772,2,17,20,1,1),(1773,2,17,21,1,1),(1774,2,17,22,1,1),(1775,2,17,23,1,1),(1776,2,17,24,1,1),(1777,2,17,25,1,1),(1778,2,17,26,1,1),(1779,2,17,27,1,1),(1780,2,17,28,1,1),(1781,2,17,29,1,1),(1782,2,17,30,1,1),(1783,2,17,31,1,2),(1784,2,17,32,1,2),(1785,2,17,33,1,2),(1786,2,17,34,1,2),(1787,2,17,35,1,2),(1788,2,17,36,1,2),(1789,2,17,37,1,2),(1790,2,17,38,1,2),(1791,2,17,39,1,2),(1792,2,17,40,1,2),(1793,2,17,41,1,2),(1794,2,17,42,1,2),(1795,2,17,43,1,2),(1796,2,17,44,1,2),(1797,2,17,45,1,2),(1798,2,17,46,1,2),(1799,2,17,47,1,2),(1800,2,17,48,1,2),(1801,2,17,49,1,2),(1802,2,17,50,1,2),(1803,2,17,51,1,2),(1804,2,17,52,1,2),(1805,2,17,53,1,2),(1806,2,17,54,1,2),(1807,2,17,55,1,2),(1808,2,17,56,1,2),(1809,2,17,57,1,2),(1810,2,17,58,1,2),(1811,2,17,59,1,2),(1812,2,17,60,1,2),(1813,2,17,61,1,2),(1814,2,17,62,1,2),(1815,2,17,63,1,2),(1816,2,17,64,1,2),(1817,2,17,65,1,2),(1818,2,17,66,1,2),(1819,2,17,67,1,2),(1820,2,17,68,1,2),(1821,2,17,69,1,2),(1822,2,17,70,1,2),(1823,2,17,71,1,2),(1824,2,17,72,1,2),(1825,2,17,73,1,2),(1826,2,17,74,1,2),(1827,2,17,75,1,2),(1828,2,17,76,1,2),(1829,2,17,77,1,2),(1830,2,17,78,1,2),(1831,2,17,79,1,2),(1832,2,17,80,1,2),(1833,2,17,81,1,2),(1834,2,17,82,1,2),(1835,2,17,83,1,2),(1836,2,17,84,1,2),(1837,2,17,85,1,2),(1838,2,17,86,1,2),(1839,2,17,87,1,2),(1840,2,17,88,1,2),(1841,2,17,89,1,2),(1842,2,17,90,1,2),(1843,2,17,91,1,3),(1844,2,17,92,1,3),(1845,2,17,93,1,3),(1846,2,17,94,1,3),(1847,2,17,95,1,3),(1848,2,17,96,1,3),(1849,2,17,97,1,3),(1850,2,17,98,1,3),(1851,2,17,99,1,3),(1852,2,17,100,1,3),(1853,2,17,101,1,3),(1854,2,17,102,1,3),(1855,2,17,103,1,3),(1856,2,17,104,1,3),(1857,2,17,105,1,3),(1858,2,17,106,1,3),(1859,2,17,107,1,3),(1860,2,17,108,1,3),(1861,2,17,109,1,3),(1862,2,17,110,1,3),(1863,2,17,111,1,3),(1864,2,17,112,1,3),(1865,2,17,113,1,3),(1866,2,17,114,1,3),(1867,2,17,115,1,3),(1868,2,17,116,1,3),(1869,2,17,117,1,3),(1870,2,17,118,1,3),(1871,2,17,119,1,3),(1872,2,17,120,1,3),(1873,2,17,121,1,3),(1874,2,17,122,1,3),(1875,2,17,123,1,3),(1876,2,17,124,1,3),(1877,2,17,125,1,3),(1878,2,17,126,1,3),(1879,2,17,127,1,3),(1880,2,17,128,1,3),(1881,2,17,129,1,3),(1882,2,17,130,1,3),(1883,2,17,131,1,3),(1884,2,17,132,1,3),(1885,2,17,133,1,3),(1886,2,17,134,1,3),(1887,2,17,135,1,3),(1888,2,17,136,1,3),(1889,2,17,137,1,3),(1890,2,17,138,1,3),(1891,2,17,139,1,3),(1892,2,17,140,1,3),(1893,2,17,141,1,3),(1894,2,17,142,1,3),(1895,2,17,143,1,3),(1896,2,17,144,1,3),(1897,2,17,145,1,3),(1898,2,17,146,1,3),(1899,2,17,147,1,3),(1900,2,17,148,1,3),(1901,2,17,149,1,3),(1902,2,17,150,1,3),(1903,2,17,151,1,3),(1904,2,17,152,1,3),(1905,2,17,153,1,3),(1906,2,17,154,1,3),(1907,2,17,155,1,3),(1908,2,17,156,1,3),(1909,2,17,157,1,3),(1910,2,17,158,1,3),(1911,2,17,159,1,3),(1912,2,17,160,1,3),(1913,2,17,161,1,3),(1914,2,17,162,1,3),(1915,2,17,163,1,3),(1916,2,17,164,1,3),(1917,2,17,165,1,3),(1918,2,17,166,1,3),(1919,2,17,167,1,3),(1920,2,17,168,1,3),(1921,2,17,169,1,3),(1922,2,17,170,1,3),(1923,2,17,171,1,3),(1924,2,17,172,1,3),(1925,2,17,173,1,3),(1926,2,17,174,1,3),(1927,2,17,175,1,3),(1928,2,17,176,1,3),(1929,2,17,177,1,3),(1930,2,17,178,1,3),(1931,2,17,179,1,3),(1932,2,17,180,1,3),(1933,2,17,181,1,3),(1934,2,17,182,1,3),(1935,2,17,183,1,3),(1936,2,17,184,1,3),(1937,2,17,185,1,3),(1938,2,17,186,1,3),(1939,2,17,187,1,3),(1940,2,17,188,1,3),(1941,2,17,189,1,3),(1942,2,17,190,1,3),(1943,2,17,191,1,3),(1944,2,17,192,1,3),(1945,2,17,193,1,3),(1946,2,17,194,1,3),(1947,2,17,195,1,3),(1948,2,17,196,1,3),(1949,2,17,197,1,3),(1950,2,17,198,1,3),(1951,2,17,199,1,3),(1952,2,17,200,1,3),(1953,2,17,201,1,3),(1954,2,17,202,1,3),(1955,2,17,203,1,3),(1956,2,17,204,1,3),(1957,2,17,205,1,3),(1958,2,17,206,1,3),(1959,2,17,207,1,3),(1960,2,17,208,1,3),(1961,2,17,209,1,3),(1962,2,17,210,1,3),(1963,2,17,211,1,3),(1964,2,17,212,1,3),(1965,2,17,213,1,3),(1966,2,17,214,1,3),(1967,2,17,215,1,3),(1968,2,17,216,1,3),(1969,2,17,217,1,3),(1970,2,17,218,1,3),(1971,2,17,219,1,3),(1972,2,17,220,1,3),(1973,2,17,221,1,3),(1974,2,17,222,1,3),(1975,2,17,223,1,3),(1976,2,17,224,1,3),(1977,2,17,225,1,3),(1978,2,17,226,1,3),(1979,2,17,227,1,3),(1980,2,17,228,1,3),(1981,2,17,229,1,3),(1982,2,17,230,1,3),(1983,2,17,231,1,3),(1984,2,17,232,1,3),(1985,2,17,233,1,3),(1986,2,17,234,1,3),(1987,2,17,235,1,3),(1988,2,17,236,1,3),(1989,2,17,237,1,3),(1990,2,17,238,1,3),(1991,2,17,239,1,3),(1992,2,17,240,1,3),(1993,3,18,1,1,1),(1994,3,18,2,1,1),(1995,3,18,3,1,1),(1996,3,18,4,2,1),(1997,3,18,5,2,1),(1998,3,18,6,2,1),(1999,3,18,7,1,1),(2000,3,18,8,1,1),(2001,3,18,9,1,1),(2002,3,18,10,1,1),(2003,3,18,11,1,1),(2004,3,18,12,1,1),(2005,3,18,13,1,1),(2006,3,18,14,1,1),(2007,3,18,15,1,1),(2008,3,18,16,1,1),(2009,3,18,17,1,1),(2010,3,18,18,1,1),(2011,3,18,19,1,1),(2012,3,18,20,1,1),(2013,3,18,21,1,1),(2014,3,18,22,1,1),(2015,3,18,23,1,1),(2016,3,18,24,1,1),(2017,3,18,25,1,1),(2018,3,18,26,1,1),(2019,3,18,27,1,1),(2020,3,18,28,1,1),(2021,3,18,29,1,1),(2022,3,18,30,1,1),(2023,3,18,31,1,2),(2024,3,18,32,1,2),(2025,3,18,33,1,2),(2026,3,18,34,1,2),(2027,3,18,35,1,2),(2028,3,18,36,1,2),(2029,3,18,37,1,2),(2030,3,18,38,1,2),(2031,3,18,39,1,2),(2032,3,18,40,1,2),(2033,3,18,41,1,2),(2034,3,18,42,1,2),(2035,3,18,43,1,2),(2036,3,18,44,1,2),(2037,3,18,45,1,2),(2038,3,18,46,1,2),(2039,3,18,47,1,2),(2040,3,18,48,1,2),(2041,3,18,49,1,2),(2042,3,18,50,1,2),(2043,3,18,51,1,2),(2044,3,18,52,1,2),(2045,3,18,53,1,2),(2046,3,18,54,1,2),(2047,3,18,55,1,2),(2048,3,18,56,1,2),(2049,3,18,57,1,2),(2050,3,18,58,1,2),(2051,3,18,59,1,2),(2052,3,18,60,1,2),(2053,3,18,61,1,2),(2054,3,18,62,1,2),(2055,3,18,63,1,2),(2056,3,18,64,1,2),(2057,3,18,65,1,2),(2058,3,18,66,1,2),(2059,3,18,67,1,2),(2060,3,18,68,1,2),(2061,3,18,69,1,2),(2062,3,18,70,1,2),(2063,3,18,71,1,2),(2064,3,18,72,1,2),(2065,3,18,73,1,2),(2066,3,18,74,1,2),(2067,3,18,75,1,2),(2068,3,18,76,1,2),(2069,3,18,77,1,2),(2070,3,18,78,1,2),(2071,3,18,79,1,2),(2072,3,18,80,1,2),(2073,3,18,81,1,2),(2074,3,18,82,1,2),(2075,3,18,83,1,2),(2076,3,18,84,1,2),(2077,3,18,85,1,2),(2078,3,18,86,1,2),(2079,3,18,87,1,2),(2080,3,18,88,1,2),(2081,3,18,89,1,2),(2082,3,18,90,1,2),(2083,3,18,91,1,3),(2084,3,18,92,1,3),(2085,3,18,93,1,3),(2086,3,18,94,1,3),(2087,3,18,95,1,3),(2088,3,18,96,1,3),(2089,3,18,97,1,3),(2090,3,18,98,1,3),(2091,3,18,99,1,3),(2092,3,18,100,1,3),(2093,3,18,101,1,3),(2094,3,18,102,1,3),(2095,3,18,103,1,3),(2096,3,18,104,1,3),(2097,3,18,105,1,3),(2098,3,18,106,1,3),(2099,3,18,107,1,3),(2100,3,18,108,1,3),(2101,3,18,109,1,3),(2102,3,18,110,1,3),(2103,3,18,111,1,3),(2104,3,18,112,1,3),(2105,3,18,113,1,3),(2106,3,18,114,1,3),(2107,3,18,115,1,3),(2108,3,18,116,1,3),(2109,3,18,117,1,3),(2110,3,18,118,1,3),(2111,3,18,119,1,3),(2112,3,18,120,1,3),(2113,3,18,121,1,3),(2114,3,18,122,1,3),(2115,3,18,123,1,3),(2116,3,18,124,1,3),(2117,3,18,125,1,3),(2118,3,18,126,1,3),(2119,3,18,127,1,3),(2120,3,18,128,1,3),(2121,3,18,129,1,3),(2122,3,18,130,1,3),(2123,3,18,131,1,3),(2124,3,18,132,1,3),(2125,3,18,133,1,3),(2126,3,18,134,1,3),(2127,3,18,135,1,3),(2128,3,18,136,1,3),(2129,3,18,137,1,3),(2130,3,18,138,1,3),(2131,3,18,139,1,3),(2132,3,18,140,1,3),(2133,3,18,141,1,3),(2134,3,18,142,1,3),(2135,3,18,143,1,3),(2136,3,18,144,1,3),(2137,3,18,145,1,3),(2138,3,18,146,1,3),(2139,3,18,147,1,3),(2140,3,18,148,1,3),(2141,3,18,149,1,3),(2142,3,18,150,1,3),(2143,3,18,151,1,3),(2144,3,18,152,1,3),(2145,3,18,153,1,3),(2146,3,18,154,1,3),(2147,3,18,155,1,3),(2148,3,18,156,1,3),(2149,3,18,157,1,3),(2150,3,18,158,1,3),(2151,3,18,159,1,3),(2152,3,18,160,1,3),(2153,3,18,161,1,3),(2154,3,18,162,1,3),(2155,3,18,163,1,3),(2156,3,18,164,1,3),(2157,3,18,165,1,3),(2158,3,18,166,1,3),(2159,3,18,167,1,3),(2160,3,18,168,1,3),(2161,3,18,169,1,3),(2162,3,18,170,1,3),(2163,3,18,171,1,3),(2164,3,18,172,1,3),(2165,3,18,173,1,3),(2166,3,18,174,1,3),(2167,3,18,175,1,3),(2168,3,18,176,1,3),(2169,3,18,177,1,3),(2170,3,18,178,1,3),(2171,3,18,179,1,3),(2172,3,18,180,1,3),(2173,3,18,181,1,3),(2174,3,18,182,1,3),(2175,3,18,183,1,3),(2176,3,18,184,1,3),(2177,3,18,185,1,3),(2178,3,18,186,1,3),(2179,3,18,187,1,3),(2180,3,18,188,1,3),(2181,3,18,189,1,3),(2182,3,18,190,1,3),(2183,3,18,191,1,3),(2184,3,18,192,1,3),(2185,3,18,193,1,3),(2186,3,18,194,1,3),(2187,3,18,195,1,3),(2188,3,18,196,1,3),(2189,3,18,197,1,3),(2190,3,18,198,1,3),(2191,3,18,199,1,3),(2192,3,18,200,1,3),(2193,3,18,201,1,3),(2194,3,18,202,1,3),(2195,3,18,203,1,3),(2196,3,18,204,1,3),(2197,3,18,205,1,3),(2198,3,18,206,1,3),(2199,3,18,207,1,3),(2200,3,18,208,1,3),(2201,3,18,209,1,3),(2202,3,18,210,1,3),(2203,3,18,211,1,3),(2204,3,18,212,1,3),(2205,3,18,213,1,3),(2206,3,18,214,1,3),(2207,3,18,215,1,3),(2208,3,18,216,1,3),(2209,3,18,217,1,3),(2210,3,18,218,1,3),(2211,3,18,219,1,3),(2212,3,18,220,1,3),(2213,3,18,221,1,3),(2214,3,18,222,1,3),(2215,3,18,223,1,3),(2216,3,18,224,1,3),(2217,3,18,225,1,3),(2218,3,18,226,1,3),(2219,3,18,227,1,3),(2220,3,18,228,1,3),(2221,NULL,NULL,NULL,1,NULL),(2222,NULL,NULL,NULL,1,NULL),(2223,2,19,1,3,1),(2224,2,19,2,3,1),(2225,2,19,3,3,1),(2226,2,19,4,3,1),(2227,2,19,5,3,1),(2228,2,19,6,3,1),(2229,2,19,7,3,1),(2230,2,19,8,3,1),(2231,2,19,9,3,1),(2232,2,19,10,3,1),(2233,2,19,11,3,1),(2234,2,19,12,3,1),(2235,2,19,13,1,1),(2236,2,19,14,2,1),(2237,2,19,15,2,1),(2238,2,19,16,1,1),(2239,2,19,17,1,1),(2240,2,19,18,3,1),(2241,2,19,19,1,1),(2242,2,19,20,1,1),(2243,2,19,21,1,1),(2244,2,19,22,1,1),(2245,2,19,23,1,1),(2246,2,19,24,1,1),(2247,2,19,25,1,1),(2248,2,19,26,1,1),(2249,2,19,27,1,1),(2250,2,19,28,1,1),(2251,2,19,29,1,1),(2252,2,19,30,1,1),(2253,2,19,31,1,2),(2254,2,19,32,1,2),(2255,2,19,33,2,2),(2256,2,19,34,3,2),(2257,2,19,35,3,2),(2258,2,19,36,3,2),(2259,2,19,37,1,2),(2260,2,19,38,1,2),(2261,2,19,39,1,2),(2262,2,19,40,1,2),(2263,2,19,41,1,2),(2264,2,19,42,1,2),(2265,2,19,43,1,2),(2266,2,19,44,1,2),(2267,2,19,45,1,2),(2268,2,19,46,1,2),(2269,2,19,47,1,2),(2270,2,19,48,1,2),(2271,2,19,49,1,2),(2272,2,19,50,1,2),(2273,2,19,51,1,2),(2274,2,19,52,1,2),(2275,2,19,53,1,2),(2276,2,19,54,1,2),(2277,2,19,55,1,2),(2278,2,19,56,1,2),(2279,2,19,57,1,2),(2280,2,19,58,1,2),(2281,2,19,59,1,2),(2282,2,19,60,1,2),(2283,2,19,61,1,2),(2284,2,19,62,1,2),(2285,2,19,63,1,2),(2286,2,19,64,1,2),(2287,2,19,65,1,2),(2288,2,19,66,1,2),(2289,2,19,67,1,2),(2290,2,19,68,1,2),(2291,2,19,69,1,2),(2292,2,19,70,1,2),(2293,2,19,71,1,2),(2294,2,19,72,1,2),(2295,2,19,73,1,2),(2296,2,19,74,1,2),(2297,2,19,75,1,2),(2298,2,19,76,1,2),(2299,2,19,77,1,2),(2300,2,19,78,1,2),(2301,2,19,79,1,2),(2302,2,19,80,1,2),(2303,2,19,81,1,2),(2304,2,19,82,1,2),(2305,2,19,83,1,2),(2306,2,19,84,1,2),(2307,2,19,85,1,2),(2308,2,19,86,1,2),(2309,2,19,87,1,2),(2310,2,19,88,1,2),(2311,2,19,89,1,2),(2312,2,19,90,1,2),(2313,2,19,91,1,3),(2314,2,19,92,1,3),(2315,2,19,93,1,3),(2316,2,19,94,1,3),(2317,2,19,95,3,3),(2318,2,19,96,3,3),(2319,2,19,97,1,3),(2320,2,19,98,1,3),(2321,2,19,99,1,3),(2322,2,19,100,1,3),(2323,2,19,101,1,3),(2324,2,19,102,1,3),(2325,2,19,103,1,3),(2326,2,19,104,1,3),(2327,2,19,105,1,3),(2328,2,19,106,1,3),(2329,2,19,107,1,3),(2330,2,19,108,1,3),(2331,2,19,109,1,3),(2332,2,19,110,1,3),(2333,2,19,111,1,3),(2334,2,19,112,1,3),(2335,2,19,113,1,3),(2336,2,19,114,1,3),(2337,2,19,115,1,3),(2338,2,19,116,1,3),(2339,2,19,117,1,3),(2340,2,19,118,1,3),(2341,2,19,119,1,3),(2342,2,19,120,1,3),(2343,2,19,121,1,3),(2344,2,19,122,1,3),(2345,2,19,123,1,3),(2346,2,19,124,1,3),(2347,2,19,125,1,3),(2348,2,19,126,1,3),(2349,2,19,127,1,3),(2350,2,19,128,1,3),(2351,2,19,129,1,3),(2352,2,19,130,1,3),(2353,2,19,131,1,3),(2354,2,19,132,1,3),(2355,2,19,133,1,3),(2356,2,19,134,1,3),(2357,2,19,135,1,3),(2358,2,19,136,1,3),(2359,2,19,137,1,3),(2360,2,19,138,1,3),(2361,2,19,139,1,3),(2362,2,19,140,1,3),(2363,2,19,141,1,3),(2364,2,19,142,1,3),(2365,2,19,143,1,3),(2366,2,19,144,1,3),(2367,2,19,145,1,3),(2368,2,19,146,1,3),(2369,2,19,147,1,3),(2370,2,19,148,1,3),(2371,2,19,149,1,3),(2372,2,19,150,1,3),(2373,2,19,151,1,3),(2374,2,19,152,1,3),(2375,2,19,153,1,3),(2376,2,19,154,1,3),(2377,2,19,155,1,3),(2378,2,19,156,1,3),(2379,2,19,157,1,3),(2380,2,19,158,1,3),(2381,2,19,159,1,3),(2382,2,19,160,1,3),(2383,2,19,161,1,3),(2384,2,19,162,1,3),(2385,2,19,163,1,3),(2386,2,19,164,1,3),(2387,2,19,165,1,3),(2388,2,19,166,1,3),(2389,2,19,167,1,3),(2390,2,19,168,1,3),(2391,2,19,169,1,3),(2392,2,19,170,1,3),(2393,2,19,171,1,3),(2394,2,19,172,1,3),(2395,2,19,173,1,3),(2396,2,19,174,1,3),(2397,2,19,175,1,3),(2398,2,19,176,1,3),(2399,2,19,177,1,3),(2400,2,19,178,1,3),(2401,2,19,179,1,3),(2402,2,19,180,1,3),(2403,2,19,181,1,3),(2404,2,19,182,1,3),(2405,2,19,183,1,3),(2406,2,19,184,1,3),(2407,2,19,185,1,3),(2408,2,19,186,1,3),(2409,2,19,187,1,3),(2410,2,19,188,1,3),(2411,2,19,189,1,3),(2412,2,19,190,1,3),(2413,2,19,191,1,3),(2414,2,19,192,1,3),(2415,2,19,193,1,3),(2416,2,19,194,1,3),(2417,2,19,195,1,3),(2418,2,19,196,1,3),(2419,2,19,197,1,3),(2420,2,19,198,1,3),(2421,2,19,199,1,3),(2422,2,19,200,1,3),(2423,2,19,201,1,3),(2424,2,19,202,1,3),(2425,2,19,203,1,3),(2426,2,19,204,1,3),(2427,2,19,205,1,3),(2428,2,19,206,1,3),(2429,2,19,207,1,3),(2430,2,19,208,1,3),(2431,2,19,209,1,3),(2432,2,19,210,1,3),(2433,2,19,211,1,3),(2434,2,19,212,1,3),(2435,2,19,213,1,3),(2436,2,19,214,1,3),(2437,2,19,215,1,3),(2438,2,19,216,1,3),(2439,2,19,217,1,3),(2440,2,19,218,1,3),(2441,2,19,219,1,3),(2442,2,19,220,1,3),(2443,2,19,221,1,3),(2444,2,19,222,1,3),(2445,2,19,223,1,3),(2446,2,19,224,1,3),(2447,2,19,225,1,3),(2448,2,19,226,1,3),(2449,2,19,227,1,3),(2450,2,19,228,1,3),(2451,2,19,229,1,3),(2452,2,19,230,1,3),(2453,2,19,231,1,3),(2454,2,19,232,1,3),(2455,2,19,233,1,3),(2456,2,19,234,1,3),(2457,2,19,235,1,3),(2458,2,19,236,1,3),(2459,2,19,237,1,3),(2460,2,19,238,1,3),(2461,2,19,239,1,3),(2462,2,19,240,1,3),(2463,3,20,1,1,1),(2464,3,20,2,1,1),(2465,3,20,3,3,1),(2466,3,20,4,1,1),(2467,3,20,5,2,1),(2468,3,20,6,1,1),(2469,3,20,7,2,1),(2470,3,20,8,2,1),(2471,3,20,9,1,1),(2472,3,20,10,2,1),(2473,3,20,11,1,1),(2474,3,20,12,1,1),(2475,3,20,13,1,1),(2476,3,20,14,1,1),(2477,3,20,15,1,1),(2478,3,20,16,1,1),(2479,3,20,17,1,1),(2480,3,20,18,1,1),(2481,3,20,19,1,1),(2482,3,20,20,1,1),(2483,3,20,21,1,1),(2484,3,20,22,1,1),(2485,3,20,23,1,1),(2486,3,20,24,1,1),(2487,3,20,25,1,1),(2488,3,20,26,1,1),(2489,3,20,27,1,1),(2490,3,20,28,1,1),(2491,3,20,29,1,1),(2492,3,20,30,1,1),(2493,3,20,31,1,2),(2494,3,20,32,1,2),(2495,3,20,33,1,2),(2496,3,20,34,1,2),(2497,3,20,35,1,2),(2498,3,20,36,1,2),(2499,3,20,37,1,2),(2500,3,20,38,1,2),(2501,3,20,39,1,2),(2502,3,20,40,1,2),(2503,3,20,41,1,2),(2504,3,20,42,1,2),(2505,3,20,43,1,2),(2506,3,20,44,1,2),(2507,3,20,45,1,2),(2508,3,20,46,1,2),(2509,3,20,47,1,2),(2510,3,20,48,1,2),(2511,3,20,49,1,2),(2512,3,20,50,1,2),(2513,3,20,51,1,2),(2514,3,20,52,1,2),(2515,3,20,53,1,2),(2516,3,20,54,1,2),(2517,3,20,55,1,2),(2518,3,20,56,1,2),(2519,3,20,57,1,2),(2520,3,20,58,1,2),(2521,3,20,59,1,2),(2522,3,20,60,1,2),(2523,3,20,61,1,2),(2524,3,20,62,1,2),(2525,3,20,63,1,2),(2526,3,20,64,1,2),(2527,3,20,65,1,2),(2528,3,20,66,1,2),(2529,3,20,67,1,2),(2530,3,20,68,1,2),(2531,3,20,69,1,2),(2532,3,20,70,1,2),(2533,3,20,71,1,2),(2534,3,20,72,1,2),(2535,3,20,73,1,2),(2536,3,20,74,1,2),(2537,3,20,75,1,2),(2538,3,20,76,1,2),(2539,3,20,77,1,2),(2540,3,20,78,1,2),(2541,3,20,79,1,2),(2542,3,20,80,1,2),(2543,3,20,81,1,2),(2544,3,20,82,1,2),(2545,3,20,83,1,2),(2546,3,20,84,1,2),(2547,3,20,85,1,2),(2548,3,20,86,1,2),(2549,3,20,87,1,2),(2550,3,20,88,1,2),(2551,3,20,89,1,2),(2552,3,20,90,1,2),(2553,3,20,91,1,3),(2554,3,20,92,1,3),(2555,3,20,93,1,3),(2556,3,20,94,1,3),(2557,3,20,95,1,3),(2558,3,20,96,1,3),(2559,3,20,97,1,3),(2560,3,20,98,1,3),(2561,3,20,99,1,3),(2562,3,20,100,1,3),(2563,3,20,101,1,3),(2564,3,20,102,1,3),(2565,3,20,103,1,3),(2566,3,20,104,1,3),(2567,3,20,105,1,3),(2568,3,20,106,1,3),(2569,3,20,107,1,3),(2570,3,20,108,1,3),(2571,3,20,109,1,3),(2572,3,20,110,1,3),(2573,3,20,111,1,3),(2574,3,20,112,1,3),(2575,3,20,113,1,3),(2576,3,20,114,1,3),(2577,3,20,115,1,3),(2578,3,20,116,1,3),(2579,3,20,117,1,3),(2580,3,20,118,1,3),(2581,3,20,119,1,3),(2582,3,20,120,1,3),(2583,3,20,121,1,3),(2584,3,20,122,1,3),(2585,3,20,123,1,3),(2586,3,20,124,1,3),(2587,3,20,125,1,3),(2588,3,20,126,1,3),(2589,3,20,127,1,3),(2590,3,20,128,1,3),(2591,3,20,129,1,3),(2592,3,20,130,1,3),(2593,3,20,131,1,3),(2594,3,20,132,1,3),(2595,3,20,133,1,3),(2596,3,20,134,1,3),(2597,3,20,135,1,3),(2598,3,20,136,1,3),(2599,3,20,137,1,3),(2600,3,20,138,1,3),(2601,3,20,139,1,3),(2602,3,20,140,1,3),(2603,3,20,141,1,3),(2604,3,20,142,1,3),(2605,3,20,143,1,3),(2606,3,20,144,1,3),(2607,3,20,145,1,3),(2608,3,20,146,1,3),(2609,3,20,147,1,3),(2610,3,20,148,1,3),(2611,3,20,149,1,3),(2612,3,20,150,1,3),(2613,3,20,151,1,3),(2614,3,20,152,1,3),(2615,3,20,153,1,3),(2616,3,20,154,1,3),(2617,3,20,155,1,3),(2618,3,20,156,1,3),(2619,3,20,157,1,3),(2620,3,20,158,1,3),(2621,3,20,159,1,3),(2622,3,20,160,1,3),(2623,3,20,161,1,3),(2624,3,20,162,1,3),(2625,3,20,163,1,3),(2626,3,20,164,1,3),(2627,3,20,165,1,3),(2628,3,20,166,1,3),(2629,3,20,167,1,3),(2630,3,20,168,1,3),(2631,3,20,169,1,3),(2632,3,20,170,1,3),(2633,3,20,171,1,3),(2634,3,20,172,1,3),(2635,3,20,173,1,3),(2636,3,20,174,1,3),(2637,3,20,175,1,3),(2638,3,20,176,1,3),(2639,3,20,177,1,3),(2640,3,20,178,1,3),(2641,3,20,179,1,3),(2642,3,20,180,1,3),(2643,3,20,181,1,3),(2644,3,20,182,1,3),(2645,3,20,183,1,3),(2646,3,20,184,1,3),(2647,3,20,185,1,3),(2648,3,20,186,1,3),(2649,3,20,187,1,3),(2650,3,20,188,1,3),(2651,3,20,189,1,3),(2652,3,20,190,1,3),(2653,3,20,191,1,3),(2654,3,20,192,1,3),(2655,3,20,193,1,3),(2656,3,20,194,1,3),(2657,3,20,195,1,3),(2658,3,20,196,1,3),(2659,3,20,197,1,3),(2660,3,20,198,1,3),(2661,3,20,199,1,3),(2662,3,20,200,1,3),(2663,3,20,201,1,3),(2664,3,20,202,1,3),(2665,3,20,203,1,3),(2666,3,20,204,1,3),(2667,3,20,205,1,3),(2668,3,20,206,1,3),(2669,3,20,207,1,3),(2670,3,20,208,1,3),(2671,3,20,209,1,3),(2672,3,20,210,1,3),(2673,3,20,211,1,3),(2674,3,20,212,1,3),(2675,3,20,213,1,3),(2676,3,20,214,1,3),(2677,3,20,215,1,3),(2678,3,20,216,1,3),(2679,3,20,217,1,3),(2680,3,20,218,1,3),(2681,3,20,219,1,3),(2682,3,20,220,1,3),(2683,3,20,221,1,3),(2684,3,20,222,1,3),(2685,3,20,223,1,3),(2686,3,20,224,1,3),(2687,3,20,225,1,3),(2688,3,20,226,1,3),(2689,3,20,227,1,3),(2690,3,20,228,1,3),(2691,3,21,1,1,1),(2692,3,21,2,1,1),(2693,3,21,3,1,1),(2694,3,21,4,1,1),(2695,3,21,5,1,1),(2696,3,21,6,1,1),(2697,3,21,7,1,1),(2698,3,21,8,1,1),(2699,3,21,9,1,1),(2700,3,21,10,1,1),(2701,3,21,11,1,1),(2702,3,21,12,1,1),(2703,3,21,13,1,1),(2704,3,21,14,1,1),(2705,3,21,15,1,1),(2706,3,21,16,1,1),(2707,3,21,17,1,1),(2708,3,21,18,1,1),(2709,3,21,19,1,1),(2710,3,21,20,1,1),(2711,3,21,21,1,1),(2712,3,21,22,1,1),(2713,3,21,23,1,1),(2714,3,21,24,1,1),(2715,3,21,25,1,1),(2716,3,21,26,1,1),(2717,3,21,27,1,1),(2718,3,21,28,1,1),(2719,3,21,29,1,1),(2720,3,21,30,1,1),(2721,3,21,31,1,2),(2722,3,21,32,1,2),(2723,3,21,33,1,2),(2724,3,21,34,1,2),(2725,3,21,35,1,2),(2726,3,21,36,1,2),(2727,3,21,37,1,2),(2728,3,21,38,1,2),(2729,3,21,39,1,2),(2730,3,21,40,1,2),(2731,3,21,41,1,2),(2732,3,21,42,1,2),(2733,3,21,43,1,2),(2734,3,21,44,1,2),(2735,3,21,45,1,2),(2736,3,21,46,1,2),(2737,3,21,47,1,2),(2738,3,21,48,1,2),(2739,3,21,49,1,2),(2740,3,21,50,1,2),(2741,3,21,51,1,2),(2742,3,21,52,1,2),(2743,3,21,53,1,2),(2744,3,21,54,1,2),(2745,3,21,55,1,2),(2746,3,21,56,1,2),(2747,3,21,57,1,2),(2748,3,21,58,1,2),(2749,3,21,59,1,2),(2750,3,21,60,1,2),(2751,3,21,61,1,2),(2752,3,21,62,1,2),(2753,3,21,63,1,2),(2754,3,21,64,1,2),(2755,3,21,65,1,2),(2756,3,21,66,1,2),(2757,3,21,67,1,2),(2758,3,21,68,1,2),(2759,3,21,69,1,2),(2760,3,21,70,1,2),(2761,3,21,71,1,2),(2762,3,21,72,1,2),(2763,3,21,73,1,2),(2764,3,21,74,1,2),(2765,3,21,75,1,2),(2766,3,21,76,1,2),(2767,3,21,77,1,2),(2768,3,21,78,1,2),(2769,3,21,79,1,2),(2770,3,21,80,1,2),(2771,3,21,81,1,2),(2772,3,21,82,1,2),(2773,3,21,83,1,2),(2774,3,21,84,1,2),(2775,3,21,85,1,2),(2776,3,21,86,1,2),(2777,3,21,87,1,2),(2778,3,21,88,1,2),(2779,3,21,89,1,2),(2780,3,21,90,1,2),(2781,3,21,91,1,3),(2782,3,21,92,1,3),(2783,3,21,93,1,3),(2784,3,21,94,1,3),(2785,3,21,95,1,3),(2786,3,21,96,1,3),(2787,3,21,97,1,3),(2788,3,21,98,1,3),(2789,3,21,99,1,3),(2790,3,21,100,1,3),(2791,3,21,101,1,3),(2792,3,21,102,1,3),(2793,3,21,103,1,3),(2794,3,21,104,1,3),(2795,3,21,105,1,3),(2796,3,21,106,1,3),(2797,3,21,107,1,3),(2798,3,21,108,1,3),(2799,3,21,109,1,3),(2800,3,21,110,1,3),(2801,3,21,111,1,3),(2802,3,21,112,1,3),(2803,3,21,113,1,3),(2804,3,21,114,1,3),(2805,3,21,115,1,3),(2806,3,21,116,1,3),(2807,3,21,117,1,3),(2808,3,21,118,1,3),(2809,3,21,119,1,3),(2810,3,21,120,1,3),(2811,3,21,121,1,3),(2812,3,21,122,1,3),(2813,3,21,123,1,3),(2814,3,21,124,1,3),(2815,3,21,125,1,3),(2816,3,21,126,1,3),(2817,3,21,127,1,3),(2818,3,21,128,1,3),(2819,3,21,129,1,3),(2820,3,21,130,1,3),(2821,3,21,131,1,3),(2822,3,21,132,1,3),(2823,3,21,133,1,3),(2824,3,21,134,1,3),(2825,3,21,135,1,3),(2826,3,21,136,1,3),(2827,3,21,137,1,3),(2828,3,21,138,1,3),(2829,3,21,139,1,3),(2830,3,21,140,1,3),(2831,3,21,141,1,3),(2832,3,21,142,1,3),(2833,3,21,143,1,3),(2834,3,21,144,1,3),(2835,3,21,145,1,3),(2836,3,21,146,1,3),(2837,3,21,147,1,3),(2838,3,21,148,1,3),(2839,3,21,149,1,3),(2840,3,21,150,1,3),(2841,3,21,151,1,3),(2842,3,21,152,1,3),(2843,3,21,153,1,3),(2844,3,21,154,1,3),(2845,3,21,155,1,3),(2846,3,21,156,1,3),(2847,3,21,157,1,3),(2848,3,21,158,1,3),(2849,3,21,159,1,3),(2850,3,21,160,1,3),(2851,3,21,161,1,3),(2852,3,21,162,1,3),(2853,3,21,163,1,3),(2854,3,21,164,1,3),(2855,3,21,165,1,3),(2856,3,21,166,1,3),(2857,3,21,167,1,3),(2858,3,21,168,1,3),(2859,3,21,169,1,3),(2860,3,21,170,1,3),(2861,3,21,171,1,3),(2862,3,21,172,1,3),(2863,3,21,173,1,3),(2864,3,21,174,1,3),(2865,3,21,175,1,3),(2866,3,21,176,1,3),(2867,3,21,177,1,3),(2868,3,21,178,1,3),(2869,3,21,179,1,3),(2870,3,21,180,1,3),(2871,3,21,181,1,3),(2872,3,21,182,1,3),(2873,3,21,183,1,3),(2874,3,21,184,1,3),(2875,3,21,185,1,3),(2876,3,21,186,1,3),(2877,3,21,187,1,3),(2878,3,21,188,1,3),(2879,3,21,189,1,3),(2880,3,21,190,1,3),(2881,3,21,191,1,3),(2882,3,21,192,1,3),(2883,3,21,193,1,3),(2884,3,21,194,1,3),(2885,3,21,195,1,3),(2886,3,21,196,1,3),(2887,3,21,197,1,3),(2888,3,21,198,1,3),(2889,3,21,199,1,3),(2890,3,21,200,1,3),(2891,3,21,201,1,3),(2892,3,21,202,1,3),(2893,3,21,203,1,3),(2894,3,21,204,1,3),(2895,3,21,205,1,3),(2896,3,21,206,1,3),(2897,3,21,207,1,3),(2898,3,21,208,1,3),(2899,3,21,209,1,3),(2900,3,21,210,1,3),(2901,3,21,211,1,3),(2902,3,21,212,1,3),(2903,3,21,213,1,3),(2904,3,21,214,1,3),(2905,3,21,215,1,3),(2906,3,21,216,1,3),(2907,3,21,217,1,3),(2908,3,21,218,1,3),(2909,3,21,219,1,3),(2910,3,21,220,1,3),(2911,3,21,221,1,3),(2912,3,21,222,1,3),(2913,3,21,223,1,3),(2914,3,21,224,1,3),(2915,3,21,225,1,3),(2916,3,21,226,1,3),(2917,3,21,227,1,3),(2918,3,21,228,1,3),(2919,1,22,1,1,1),(2920,1,22,2,1,1),(2921,1,22,3,1,1),(2922,1,22,4,2,1),(2923,1,22,5,2,1),(2924,1,22,6,1,1),(2925,1,22,7,1,1),(2926,1,22,8,1,1),(2927,1,22,9,1,1),(2928,1,22,10,1,1),(2929,1,22,11,1,1),(2930,1,22,12,1,1),(2931,1,22,13,1,1),(2932,1,22,14,1,1),(2933,1,22,15,1,1),(2934,1,22,16,1,1),(2935,1,22,17,1,1),(2936,1,22,18,1,1),(2937,1,22,19,1,1),(2938,1,22,20,1,1),(2939,1,22,21,1,1),(2940,1,22,22,1,1),(2941,1,22,23,1,1),(2942,1,22,24,1,1),(2943,1,22,25,1,1),(2944,1,22,26,1,1),(2945,1,22,27,1,1),(2946,1,22,28,1,1),(2947,1,22,29,1,1),(2948,1,22,30,1,1),(2949,1,22,31,1,2),(2950,1,22,32,1,2),(2951,1,22,33,1,2),(2952,1,22,34,1,2),(2953,1,22,35,1,2),(2954,1,22,36,1,2),(2955,1,22,37,1,2),(2956,1,22,38,1,2),(2957,1,22,39,1,2),(2958,1,22,40,1,2),(2959,1,22,41,1,2),(2960,1,22,42,1,2),(2961,1,22,43,1,2),(2962,1,22,44,1,2),(2963,1,22,45,1,2),(2964,1,22,46,1,2),(2965,1,22,47,1,2),(2966,1,22,48,1,2),(2967,1,22,49,1,2),(2968,1,22,50,1,2),(2969,1,22,51,1,2),(2970,1,22,52,1,2),(2971,1,22,53,1,2),(2972,1,22,54,1,2),(2973,1,22,55,1,2),(2974,1,22,56,1,2),(2975,1,22,57,1,2),(2976,1,22,58,1,2),(2977,1,22,59,1,2),(2978,1,22,60,1,2),(2979,1,22,61,1,2),(2980,1,22,62,1,2),(2981,1,22,63,1,2),(2982,1,22,64,1,2),(2983,1,22,65,1,2),(2984,1,22,66,1,2),(2985,1,22,67,1,2),(2986,1,22,68,1,2),(2987,1,22,69,1,2),(2988,1,22,70,1,2),(2989,1,22,71,1,2),(2990,1,22,72,1,2),(2991,1,22,73,1,2),(2992,1,22,74,1,2),(2993,1,22,75,1,2),(2994,1,22,76,1,2),(2995,1,22,77,1,2),(2996,1,22,78,1,2),(2997,1,22,79,1,2),(2998,1,22,80,1,2),(2999,1,22,81,1,2),(3000,1,22,82,1,2),(3001,1,22,83,1,2),(3002,1,22,84,1,2),(3003,1,22,85,1,2),(3004,1,22,86,1,2),(3005,1,22,87,1,2),(3006,1,22,88,1,2),(3007,1,22,89,1,2),(3008,1,22,90,1,2),(3009,1,22,91,1,3),(3010,1,22,92,1,3),(3011,1,22,93,1,3),(3012,1,22,94,1,3),(3013,1,22,95,1,3),(3014,1,22,96,1,3),(3015,1,22,97,1,3),(3016,1,22,98,1,3),(3017,1,22,99,1,3),(3018,1,22,100,1,3),(3019,1,22,101,1,3),(3020,1,22,102,1,3),(3021,1,22,103,1,3),(3022,1,22,104,1,3),(3023,1,22,105,1,3),(3024,1,22,106,1,3),(3025,1,22,107,1,3),(3026,1,22,108,1,3),(3027,1,22,109,1,3),(3028,1,22,110,1,3),(3029,1,22,111,1,3),(3030,1,22,112,1,3),(3031,1,22,113,1,3),(3032,1,22,114,1,3),(3033,1,22,115,1,3),(3034,1,22,116,1,3),(3035,1,22,117,1,3),(3036,1,22,118,1,3),(3037,1,22,119,1,3),(3038,1,22,120,1,3),(3039,1,22,121,1,3),(3040,1,22,122,1,3),(3041,1,22,123,1,3),(3042,1,22,124,1,3),(3043,1,22,125,1,3),(3044,1,22,126,1,3),(3045,1,22,127,1,3),(3046,1,22,128,1,3),(3047,1,22,129,1,3),(3048,1,22,130,1,3),(3049,1,22,131,1,3),(3050,1,22,132,1,3),(3051,1,22,133,1,3),(3052,1,22,134,1,3),(3053,1,22,135,1,3),(3054,1,22,136,1,3),(3055,1,22,137,1,3),(3056,1,22,138,1,3),(3057,1,22,139,1,3),(3058,1,22,140,1,3),(3059,1,22,141,1,3),(3060,1,22,142,1,3),(3061,1,22,143,1,3),(3062,1,22,144,1,3),(3063,1,22,145,1,3),(3064,1,22,146,1,3),(3065,1,22,147,1,3),(3066,1,22,148,1,3),(3067,1,22,149,1,3),(3068,1,22,150,1,3),(3069,1,22,151,1,3),(3070,1,22,152,1,3),(3071,1,22,153,1,3),(3072,1,22,154,1,3),(3073,1,22,155,1,3),(3074,1,22,156,1,3),(3075,1,22,157,1,3),(3076,1,22,158,1,3),(3077,1,22,159,1,3),(3078,1,22,160,1,3),(3079,1,22,161,1,3),(3080,1,22,162,1,3),(3081,1,22,163,1,3),(3082,1,22,164,1,3),(3083,1,22,165,1,3),(3084,1,22,166,1,3),(3085,1,22,167,1,3),(3086,1,22,168,1,3),(3087,1,22,169,1,3),(3088,1,22,170,1,3),(3089,1,22,171,1,3),(3090,1,22,172,1,3),(3091,1,22,173,1,3),(3092,1,22,174,1,3),(3093,1,22,175,1,3),(3094,1,22,176,1,3),(3095,1,22,177,1,3),(3096,1,22,178,1,3),(3097,1,22,179,1,3),(3098,1,22,180,1,3),(3099,1,22,181,1,3),(3100,1,22,182,1,3),(3101,1,22,183,1,3),(3102,1,22,184,1,3),(3103,1,22,185,1,3),(3104,1,22,186,1,3),(3105,1,22,187,1,3),(3106,1,22,188,1,3),(3107,1,22,189,1,3),(3108,1,22,190,1,3),(3109,1,22,191,1,3),(3110,1,22,192,1,3),(3111,1,22,193,1,3),(3112,1,22,194,1,3),(3113,1,22,195,1,3),(3114,1,22,196,1,3),(3115,1,22,197,1,3),(3116,1,22,198,1,3),(3117,1,22,199,1,3),(3118,1,22,200,1,3),(3119,1,22,201,1,3),(3120,1,22,202,1,3),(3121,1,22,203,1,3),(3122,1,22,204,1,3),(3123,1,22,205,1,3),(3124,1,22,206,1,3),(3125,1,22,207,1,3),(3126,1,22,208,1,3),(3127,1,22,209,1,3),(3128,1,22,210,1,3),(3129,1,22,211,1,3),(3130,1,22,212,1,3),(3131,1,22,213,1,3),(3132,1,22,214,1,3),(3133,1,22,215,1,3),(3134,1,22,216,1,3),(3135,1,22,217,1,3),(3136,1,22,218,1,3),(3137,1,22,219,1,3),(3138,1,22,220,1,3),(3139,1,22,221,1,3),(3140,1,22,222,1,3),(3141,2,23,1,1,1),(3142,2,23,2,1,1),(3143,2,23,3,1,1),(3144,2,23,4,1,1),(3145,2,23,5,1,1),(3146,2,23,6,1,1),(3147,2,23,7,1,1),(3148,2,23,8,1,1),(3149,2,23,9,1,1),(3150,2,23,10,1,1),(3151,2,23,11,1,1),(3152,2,23,12,1,1),(3153,2,23,13,1,1),(3154,2,23,14,1,1),(3155,2,23,15,1,1),(3156,2,23,16,1,1),(3157,2,23,17,1,1),(3158,2,23,18,1,1),(3159,2,23,19,1,1),(3160,2,23,20,1,1),(3161,2,23,21,1,1),(3162,2,23,22,1,1),(3163,2,23,23,1,1),(3164,2,23,24,1,1),(3165,2,23,25,1,1),(3166,2,23,26,1,1),(3167,2,23,27,1,1),(3168,2,23,28,1,1),(3169,2,23,29,1,1),(3170,2,23,30,1,1),(3171,2,23,31,1,2),(3172,2,23,32,1,2),(3173,2,23,33,1,2),(3174,2,23,34,1,2),(3175,2,23,35,1,2),(3176,2,23,36,1,2),(3177,2,23,37,1,2),(3178,2,23,38,1,2),(3179,2,23,39,1,2),(3180,2,23,40,1,2),(3181,2,23,41,1,2),(3182,2,23,42,1,2),(3183,2,23,43,1,2),(3184,2,23,44,1,2),(3185,2,23,45,1,2),(3186,2,23,46,1,2),(3187,2,23,47,1,2),(3188,2,23,48,1,2),(3189,2,23,49,1,2),(3190,2,23,50,1,2),(3191,2,23,51,1,2),(3192,2,23,52,1,2),(3193,2,23,53,1,2),(3194,2,23,54,1,2),(3195,2,23,55,1,2),(3196,2,23,56,1,2),(3197,2,23,57,1,2),(3198,2,23,58,1,2),(3199,2,23,59,1,2),(3200,2,23,60,1,2),(3201,2,23,61,1,2),(3202,2,23,62,1,2),(3203,2,23,63,1,2),(3204,2,23,64,1,2),(3205,2,23,65,1,2),(3206,2,23,66,1,2),(3207,2,23,67,1,2),(3208,2,23,68,1,2),(3209,2,23,69,1,2),(3210,2,23,70,1,2),(3211,2,23,71,1,2),(3212,2,23,72,1,2),(3213,2,23,73,1,2),(3214,2,23,74,1,2),(3215,2,23,75,1,2),(3216,2,23,76,1,2),(3217,2,23,77,1,2),(3218,2,23,78,1,2),(3219,2,23,79,1,2),(3220,2,23,80,1,2),(3221,2,23,81,1,2),(3222,2,23,82,1,2),(3223,2,23,83,1,2),(3224,2,23,84,1,2),(3225,2,23,85,1,2),(3226,2,23,86,1,2),(3227,2,23,87,1,2),(3228,2,23,88,1,2),(3229,2,23,89,1,2),(3230,2,23,90,1,2),(3231,2,23,91,1,3),(3232,2,23,92,1,3),(3233,2,23,93,1,3),(3234,2,23,94,1,3),(3235,2,23,95,1,3),(3236,2,23,96,1,3),(3237,2,23,97,1,3),(3238,2,23,98,1,3),(3239,2,23,99,1,3),(3240,2,23,100,1,3),(3241,2,23,101,1,3),(3242,2,23,102,1,3),(3243,2,23,103,1,3),(3244,2,23,104,1,3),(3245,2,23,105,1,3),(3246,2,23,106,1,3),(3247,2,23,107,1,3),(3248,2,23,108,1,3),(3249,2,23,109,1,3),(3250,2,23,110,1,3),(3251,2,23,111,1,3),(3252,2,23,112,1,3),(3253,2,23,113,1,3),(3254,2,23,114,1,3),(3255,2,23,115,1,3),(3256,2,23,116,1,3),(3257,2,23,117,1,3),(3258,2,23,118,1,3),(3259,2,23,119,1,3),(3260,2,23,120,1,3),(3261,2,23,121,1,3),(3262,2,23,122,1,3),(3263,2,23,123,1,3),(3264,2,23,124,1,3),(3265,2,23,125,1,3),(3266,2,23,126,1,3),(3267,2,23,127,1,3),(3268,2,23,128,1,3),(3269,2,23,129,1,3),(3270,2,23,130,1,3),(3271,2,23,131,1,3),(3272,2,23,132,1,3),(3273,2,23,133,1,3),(3274,2,23,134,1,3),(3275,2,23,135,1,3),(3276,2,23,136,1,3),(3277,2,23,137,1,3),(3278,2,23,138,1,3),(3279,2,23,139,1,3),(3280,2,23,140,1,3),(3281,2,23,141,1,3),(3282,2,23,142,1,3),(3283,2,23,143,1,3),(3284,2,23,144,1,3),(3285,2,23,145,1,3),(3286,2,23,146,1,3),(3287,2,23,147,1,3),(3288,2,23,148,1,3),(3289,2,23,149,1,3),(3290,2,23,150,1,3),(3291,2,23,151,1,3),(3292,2,23,152,1,3),(3293,2,23,153,1,3),(3294,2,23,154,1,3),(3295,2,23,155,1,3),(3296,2,23,156,1,3),(3297,2,23,157,1,3),(3298,2,23,158,1,3),(3299,2,23,159,1,3),(3300,2,23,160,1,3),(3301,2,23,161,1,3),(3302,2,23,162,1,3),(3303,2,23,163,1,3),(3304,2,23,164,1,3),(3305,2,23,165,1,3),(3306,2,23,166,1,3),(3307,2,23,167,1,3),(3308,2,23,168,1,3),(3309,2,23,169,1,3),(3310,2,23,170,1,3),(3311,2,23,171,1,3),(3312,2,23,172,1,3),(3313,2,23,173,1,3),(3314,2,23,174,1,3),(3315,2,23,175,1,3),(3316,2,23,176,1,3),(3317,2,23,177,1,3),(3318,2,23,178,1,3),(3319,2,23,179,1,3),(3320,2,23,180,1,3),(3321,2,23,181,1,3),(3322,2,23,182,1,3),(3323,2,23,183,1,3),(3324,2,23,184,1,3),(3325,2,23,185,1,3),(3326,2,23,186,1,3),(3327,2,23,187,1,3),(3328,2,23,188,1,3),(3329,2,23,189,1,3),(3330,2,23,190,1,3),(3331,2,23,191,1,3),(3332,2,23,192,1,3),(3333,2,23,193,1,3),(3334,2,23,194,1,3),(3335,2,23,195,1,3),(3336,2,23,196,1,3),(3337,2,23,197,1,3),(3338,2,23,198,1,3),(3339,2,23,199,1,3),(3340,2,23,200,1,3),(3341,2,23,201,1,3),(3342,2,23,202,1,3),(3343,2,23,203,1,3),(3344,2,23,204,1,3),(3345,2,23,205,1,3),(3346,2,23,206,1,3),(3347,2,23,207,1,3),(3348,2,23,208,1,3),(3349,2,23,209,1,3),(3350,2,23,210,1,3),(3351,2,23,211,1,3),(3352,2,23,212,1,3),(3353,2,23,213,1,3),(3354,2,23,214,1,3),(3355,2,23,215,1,3),(3356,2,23,216,1,3),(3357,2,23,217,1,3),(3358,2,23,218,1,3),(3359,2,23,219,1,3),(3360,2,23,220,1,3),(3361,2,23,221,1,3),(3362,2,23,222,1,3),(3363,2,23,223,1,3),(3364,2,23,224,1,3),(3365,2,23,225,1,3),(3366,2,23,226,1,3),(3367,2,23,227,1,3),(3368,2,23,228,1,3),(3369,2,23,229,1,3),(3370,2,23,230,1,3),(3371,2,23,231,1,3),(3372,2,23,232,1,3),(3373,2,23,233,1,3),(3374,2,23,234,1,3),(3375,2,23,235,1,3),(3376,2,23,236,1,3),(3377,2,23,237,1,3),(3378,2,23,238,1,3),(3379,2,23,239,1,3),(3380,2,23,240,1,3),(3381,3,24,1,1,1),(3382,3,24,2,1,1),(3383,3,24,3,1,1),(3384,3,24,4,1,1),(3385,3,24,5,1,1),(3386,3,24,6,1,1),(3387,3,24,7,1,1),(3388,3,24,8,1,1),(3389,3,24,9,1,1),(3390,3,24,10,1,1),(3391,3,24,11,1,1),(3392,3,24,12,1,1),(3393,3,24,13,1,1),(3394,3,24,14,1,1),(3395,3,24,15,1,1),(3396,3,24,16,1,1),(3397,3,24,17,1,1),(3398,3,24,18,1,1),(3399,3,24,19,1,1),(3400,3,24,20,1,1),(3401,3,24,21,1,1),(3402,3,24,22,1,1),(3403,3,24,23,1,1),(3404,3,24,24,1,1),(3405,3,24,25,1,1),(3406,3,24,26,1,1),(3407,3,24,27,1,1),(3408,3,24,28,1,1),(3409,3,24,29,1,1),(3410,3,24,30,1,1),(3411,3,24,31,1,2),(3412,3,24,32,1,2),(3413,3,24,33,1,2),(3414,3,24,34,1,2),(3415,3,24,35,1,2),(3416,3,24,36,1,2),(3417,3,24,37,1,2),(3418,3,24,38,1,2),(3419,3,24,39,1,2),(3420,3,24,40,1,2),(3421,3,24,41,1,2),(3422,3,24,42,1,2),(3423,3,24,43,1,2),(3424,3,24,44,1,2),(3425,3,24,45,1,2),(3426,3,24,46,1,2),(3427,3,24,47,1,2),(3428,3,24,48,1,2),(3429,3,24,49,1,2),(3430,3,24,50,1,2),(3431,3,24,51,1,2),(3432,3,24,52,1,2),(3433,3,24,53,1,2),(3434,3,24,54,1,2),(3435,3,24,55,1,2),(3436,3,24,56,1,2),(3437,3,24,57,1,2),(3438,3,24,58,1,2),(3439,3,24,59,1,2),(3440,3,24,60,1,2),(3441,3,24,61,1,2),(3442,3,24,62,1,2),(3443,3,24,63,1,2),(3444,3,24,64,1,2),(3445,3,24,65,1,2),(3446,3,24,66,1,2),(3447,3,24,67,1,2),(3448,3,24,68,1,2),(3449,3,24,69,1,2),(3450,3,24,70,1,2),(3451,3,24,71,1,2),(3452,3,24,72,1,2),(3453,3,24,73,1,2),(3454,3,24,74,1,2),(3455,3,24,75,1,2),(3456,3,24,76,1,2),(3457,3,24,77,1,2),(3458,3,24,78,1,2),(3459,3,24,79,1,2),(3460,3,24,80,1,2),(3461,3,24,81,1,2),(3462,3,24,82,1,2),(3463,3,24,83,1,2),(3464,3,24,84,1,2),(3465,3,24,85,1,2),(3466,3,24,86,1,2),(3467,3,24,87,1,2),(3468,3,24,88,1,2),(3469,3,24,89,1,2),(3470,3,24,90,1,2),(3471,3,24,91,1,3),(3472,3,24,92,1,3),(3473,3,24,93,1,3),(3474,3,24,94,1,3),(3475,3,24,95,1,3),(3476,3,24,96,1,3),(3477,3,24,97,1,3),(3478,3,24,98,1,3),(3479,3,24,99,1,3),(3480,3,24,100,1,3),(3481,3,24,101,1,3),(3482,3,24,102,1,3),(3483,3,24,103,1,3),(3484,3,24,104,1,3),(3485,3,24,105,1,3),(3486,3,24,106,1,3),(3487,3,24,107,1,3),(3488,3,24,108,1,3),(3489,3,24,109,1,3),(3490,3,24,110,1,3),(3491,3,24,111,1,3),(3492,3,24,112,1,3),(3493,3,24,113,1,3),(3494,3,24,114,1,3),(3495,3,24,115,1,3),(3496,3,24,116,1,3),(3497,3,24,117,1,3),(3498,3,24,118,1,3),(3499,3,24,119,1,3),(3500,3,24,120,1,3),(3501,3,24,121,1,3),(3502,3,24,122,1,3),(3503,3,24,123,1,3),(3504,3,24,124,1,3),(3505,3,24,125,1,3),(3506,3,24,126,1,3),(3507,3,24,127,1,3),(3508,3,24,128,1,3),(3509,3,24,129,1,3),(3510,3,24,130,1,3),(3511,3,24,131,1,3),(3512,3,24,132,1,3),(3513,3,24,133,1,3),(3514,3,24,134,1,3),(3515,3,24,135,1,3),(3516,3,24,136,1,3),(3517,3,24,137,1,3),(3518,3,24,138,1,3),(3519,3,24,139,1,3),(3520,3,24,140,1,3),(3521,3,24,141,1,3),(3522,3,24,142,1,3),(3523,3,24,143,1,3),(3524,3,24,144,1,3),(3525,3,24,145,1,3),(3526,3,24,146,1,3),(3527,3,24,147,1,3),(3528,3,24,148,1,3),(3529,3,24,149,1,3),(3530,3,24,150,1,3),(3531,3,24,151,1,3),(3532,3,24,152,1,3),(3533,3,24,153,1,3),(3534,3,24,154,1,3),(3535,3,24,155,1,3),(3536,3,24,156,1,3),(3537,3,24,157,1,3),(3538,3,24,158,1,3),(3539,3,24,159,1,3),(3540,3,24,160,1,3),(3541,3,24,161,1,3),(3542,3,24,162,1,3),(3543,3,24,163,1,3),(3544,3,24,164,1,3),(3545,3,24,165,1,3),(3546,3,24,166,1,3),(3547,3,24,167,1,3),(3548,3,24,168,1,3),(3549,3,24,169,1,3),(3550,3,24,170,1,3),(3551,3,24,171,1,3),(3552,3,24,172,1,3),(3553,3,24,173,1,3),(3554,3,24,174,1,3),(3555,3,24,175,1,3),(3556,3,24,176,1,3),(3557,3,24,177,1,3),(3558,3,24,178,1,3),(3559,3,24,179,1,3),(3560,3,24,180,1,3),(3561,3,24,181,1,3),(3562,3,24,182,1,3),(3563,3,24,183,1,3),(3564,3,24,184,1,3),(3565,3,24,185,1,3),(3566,3,24,186,1,3),(3567,3,24,187,1,3),(3568,3,24,188,1,3),(3569,3,24,189,1,3),(3570,3,24,190,1,3),(3571,3,24,191,1,3),(3572,3,24,192,1,3),(3573,3,24,193,1,3),(3574,3,24,194,1,3),(3575,3,24,195,1,3),(3576,3,24,196,1,3),(3577,3,24,197,1,3),(3578,3,24,198,1,3),(3579,3,24,199,1,3),(3580,3,24,200,1,3),(3581,3,24,201,1,3),(3582,3,24,202,1,3),(3583,3,24,203,1,3),(3584,3,24,204,1,3),(3585,3,24,205,1,3),(3586,3,24,206,1,3),(3587,3,24,207,1,3),(3588,3,24,208,1,3),(3589,3,24,209,1,3),(3590,3,24,210,1,3),(3591,3,24,211,1,3),(3592,3,24,212,1,3),(3593,3,24,213,1,3),(3594,3,24,214,1,3),(3595,3,24,215,1,3),(3596,3,24,216,1,3),(3597,3,24,217,1,3),(3598,3,24,218,1,3),(3599,3,24,219,1,3),(3600,3,24,220,1,3),(3601,3,24,221,1,3),(3602,3,24,222,1,3),(3603,3,24,223,1,3),(3604,3,24,224,1,3),(3605,3,24,225,1,3),(3606,3,24,226,1,3),(3607,3,24,227,1,3),(3608,3,24,228,1,3),(3609,4,25,1,1,1),(3610,4,25,2,1,1),(3611,4,25,3,1,1),(3612,4,25,4,1,1),(3613,4,25,5,1,1),(3614,4,25,6,1,1),(3615,4,25,7,1,1),(3616,4,25,8,1,1),(3617,4,25,9,1,1),(3618,4,25,10,1,1),(3619,4,25,11,1,1),(3620,4,25,12,1,1),(3621,4,25,13,1,1),(3622,4,25,14,1,1),(3623,4,25,15,1,1),(3624,4,25,16,1,1),(3625,4,25,17,1,1),(3626,4,25,18,1,1),(3627,4,25,19,1,1),(3628,4,25,20,1,1),(3629,4,25,21,1,1),(3630,4,25,22,1,1),(3631,4,25,23,1,1),(3632,4,25,24,1,1),(3633,4,25,25,1,1),(3634,4,25,26,1,1),(3635,4,25,27,1,1),(3636,4,25,28,1,1),(3637,4,25,29,1,1),(3638,4,25,30,1,1),(3639,4,25,31,1,2),(3640,4,25,32,1,2),(3641,4,25,33,1,2),(3642,4,25,34,1,2),(3643,4,25,35,1,2),(3644,4,25,36,1,2),(3645,4,25,37,1,2),(3646,4,25,38,1,2),(3647,4,25,39,1,2),(3648,4,25,40,1,2),(3649,4,25,41,1,2),(3650,4,25,42,1,2),(3651,4,25,43,1,2),(3652,4,25,44,1,2),(3653,4,25,45,1,2),(3654,4,25,46,1,2),(3655,4,25,47,1,2),(3656,4,25,48,1,2),(3657,4,25,49,1,2),(3658,4,25,50,1,2),(3659,4,25,51,1,2),(3660,4,25,52,1,2),(3661,4,25,53,1,2),(3662,4,25,54,1,2),(3663,4,25,55,1,2),(3664,4,25,56,1,2),(3665,4,25,57,1,2),(3666,4,25,58,1,2),(3667,4,25,59,1,2),(3668,4,25,60,1,2),(3669,4,25,61,1,2),(3670,4,25,62,1,2),(3671,4,25,63,1,2),(3672,4,25,64,1,2),(3673,4,25,65,1,2),(3674,4,25,66,1,2),(3675,4,25,67,1,2),(3676,4,25,68,1,2),(3677,4,25,69,1,2),(3678,4,25,70,1,2),(3679,4,25,71,1,2),(3680,4,25,72,1,2),(3681,4,25,73,1,2),(3682,4,25,74,1,2),(3683,4,25,75,1,2),(3684,4,25,76,1,2),(3685,4,25,77,1,2),(3686,4,25,78,1,2),(3687,4,25,79,1,2),(3688,4,25,80,1,2),(3689,4,25,81,1,2),(3690,4,25,82,1,2),(3691,4,25,83,1,2),(3692,4,25,84,1,2),(3693,4,25,85,1,2),(3694,4,25,86,1,2),(3695,4,25,87,1,2),(3696,4,25,88,1,2),(3697,4,25,89,1,2),(3698,4,25,90,1,2),(3699,4,25,91,1,3),(3700,4,25,92,1,3),(3701,4,25,93,1,3),(3702,4,25,94,1,3),(3703,4,25,95,1,3),(3704,4,25,96,1,3),(3705,4,25,97,1,3),(3706,4,25,98,1,3),(3707,4,25,99,1,3),(3708,4,25,100,1,3),(3709,4,25,101,1,3),(3710,4,25,102,1,3),(3711,4,25,103,1,3),(3712,4,25,104,1,3),(3713,4,25,105,1,3),(3714,4,25,106,1,3),(3715,4,25,107,1,3),(3716,4,25,108,1,3),(3717,4,25,109,1,3),(3718,4,25,110,1,3),(3719,4,25,111,1,3),(3720,4,25,112,1,3),(3721,4,25,113,1,3),(3722,4,25,114,1,3),(3723,4,25,115,1,3),(3724,4,25,116,1,3),(3725,4,25,117,1,3),(3726,4,25,118,1,3),(3727,4,25,119,1,3),(3728,4,25,120,1,3),(3729,4,25,121,1,3),(3730,4,25,122,1,3),(3731,4,25,123,1,3),(3732,4,25,124,1,3),(3733,4,25,125,1,3),(3734,4,25,126,1,3),(3735,4,25,127,1,3),(3736,4,25,128,1,3),(3737,4,25,129,1,3),(3738,4,25,130,1,3),(3739,4,25,131,1,3),(3740,4,25,132,1,3),(3741,4,25,133,1,3),(3742,4,25,134,1,3),(3743,4,25,135,1,3),(3744,4,25,136,1,3),(3745,4,25,137,1,3),(3746,4,25,138,1,3),(3747,4,25,139,1,3),(3748,4,25,140,1,3),(3749,4,25,141,1,3),(3750,4,25,142,1,3),(3751,4,25,143,1,3),(3752,4,25,144,1,3),(3753,4,25,145,1,3),(3754,4,25,146,1,3),(3755,4,25,147,1,3),(3756,4,25,148,1,3),(3757,4,25,149,1,3),(3758,4,25,150,1,3),(3759,4,25,151,1,3),(3760,4,25,152,1,3),(3761,4,25,153,1,3),(3762,4,25,154,1,3),(3763,4,25,155,1,3),(3764,4,25,156,1,3),(3765,4,25,157,1,3),(3766,4,25,158,1,3),(3767,4,25,159,1,3),(3768,4,25,160,1,3),(3769,4,25,161,1,3),(3770,4,25,162,1,3),(3771,4,25,163,1,3),(3772,4,25,164,1,3),(3773,4,25,165,1,3),(3774,4,25,166,1,3),(3775,4,25,167,1,3),(3776,4,25,168,1,3),(3777,4,25,169,1,3),(3778,4,25,170,1,3),(3779,4,25,171,1,3),(3780,4,25,172,1,3),(3781,4,25,173,1,3),(3782,4,25,174,1,3),(3783,4,25,175,1,3),(3784,4,25,176,1,3),(3785,4,25,177,1,3),(3786,4,25,178,1,3),(3787,4,25,179,1,3),(3788,4,25,180,1,3),(3789,4,25,181,1,3),(3790,4,25,182,1,3),(3791,4,25,183,1,3),(3792,4,25,184,1,3),(3793,4,25,185,1,3),(3794,4,25,186,1,3),(3795,4,25,187,1,3),(3796,4,25,188,1,3),(3797,4,25,189,1,3),(3798,4,25,190,1,3),(3799,4,25,191,1,3),(3800,4,25,192,1,3),(3801,4,25,193,1,3),(3802,4,25,194,1,3),(3803,4,25,195,1,3),(3804,4,25,196,1,3),(3805,4,25,197,1,3),(3806,4,25,198,1,3),(3807,4,25,199,1,3),(3808,4,25,200,1,3),(3809,4,25,201,1,3),(3810,4,25,202,1,3),(3811,4,25,203,1,3),(3812,4,25,204,1,3),(3813,4,25,205,1,3),(3814,4,25,206,1,3),(3815,4,25,207,1,3),(3816,4,25,208,1,3),(3817,4,25,209,1,3),(3818,4,25,210,1,3),(3819,4,25,211,1,3),(3820,4,25,212,1,3),(3821,4,25,213,1,3),(3822,4,25,214,1,3),(3823,4,25,215,1,3),(3824,4,25,216,1,3),(3825,4,25,217,1,3),(3826,4,25,218,1,3),(3827,4,25,219,1,3),(3828,4,25,220,1,3),(3829,4,25,221,1,3),(3830,4,25,222,1,3),(3831,4,25,223,1,3),(3832,4,25,224,1,3),(3833,4,25,225,1,3),(3834,4,25,226,1,3),(3835,4,25,227,1,3),(3836,4,25,228,1,3),(3837,4,25,229,1,3),(3838,4,25,230,1,3),(3839,4,25,231,1,3),(3840,4,25,232,1,3),(3841,4,25,233,1,3),(3842,4,25,234,1,3),(3843,4,25,235,1,3),(3844,4,25,236,1,3),(3845,4,25,237,1,3),(3846,4,25,238,1,3),(3847,4,25,239,1,3),(3848,4,25,240,1,3),(3849,4,25,241,1,3),(3850,4,25,242,1,3),(3851,4,25,243,1,3),(3852,4,25,244,1,3),(3853,4,25,245,1,3),(3854,4,25,246,1,3),(3855,4,25,247,1,3),(3856,4,25,248,1,3),(3857,4,25,249,1,3),(3858,4,25,250,1,3),(3859,4,25,251,1,3),(3860,4,25,252,1,3),(3861,4,25,253,1,3),(3862,4,25,254,1,3),(3863,4,25,255,1,3),(3864,4,25,256,1,3),(3865,4,25,257,1,3),(3866,4,25,258,1,3),(3867,4,25,259,1,3),(3868,4,25,260,1,3),(3869,4,25,261,1,3),(3870,4,25,262,1,3),(3871,4,25,263,1,3),(3872,4,25,264,1,3),(3873,4,25,265,1,3),(3874,4,25,266,1,3),(3875,4,25,267,1,3),(3876,4,25,268,1,3),(3877,4,25,269,1,3),(3878,4,25,270,1,3),(3879,4,25,271,1,3),(3880,4,25,272,1,3),(3881,4,25,273,1,3),(3882,4,25,274,1,3),(3883,4,25,275,1,3),(3884,4,25,276,1,3),(3885,4,25,277,1,3),(3886,4,25,278,1,3),(3887,4,25,279,1,3),(3888,4,25,280,1,3),(3889,4,25,281,1,3),(3890,4,25,282,1,3),(3891,4,25,283,1,3),(3892,4,25,284,1,3),(3893,4,25,285,1,3),(3894,4,25,286,1,3),(3895,4,25,287,1,3),(3896,4,25,288,1,3),(3897,4,25,289,1,3),(3898,4,25,290,1,3),(3899,4,25,291,1,3),(3900,4,25,292,1,3),(3901,4,25,293,1,3),(3902,4,25,294,1,3),(3903,4,25,295,1,3),(3904,4,25,296,1,3),(3905,4,25,297,1,3),(3906,4,25,298,1,3),(3907,4,25,299,1,3),(3908,4,25,300,1,3),(3909,5,26,1,1,1),(3910,5,26,2,1,1),(3911,5,26,3,1,1),(3912,5,26,4,1,1),(3913,5,26,5,1,1),(3914,5,26,6,1,1),(3915,5,26,7,1,1),(3916,5,26,8,1,1),(3917,5,26,9,1,1),(3918,5,26,10,1,1),(3919,5,26,11,1,1),(3920,5,26,12,1,1),(3921,5,26,13,1,1),(3922,5,26,14,1,1),(3923,5,26,15,1,1),(3924,5,26,16,1,1),(3925,5,26,17,1,1),(3926,5,26,18,1,1),(3927,5,26,19,1,1),(3928,5,26,20,1,1),(3929,5,26,21,1,1),(3930,5,26,22,1,1),(3931,5,26,23,1,1),(3932,5,26,24,1,1),(3933,5,26,25,1,1),(3934,5,26,26,1,1),(3935,5,26,27,1,1),(3936,5,26,28,1,1),(3937,5,26,29,1,1),(3938,5,26,30,1,1),(3939,5,26,31,1,2),(3940,5,26,32,1,2),(3941,5,26,33,1,2),(3942,5,26,34,1,2),(3943,5,26,35,1,2),(3944,5,26,36,1,2),(3945,5,26,37,1,2),(3946,5,26,38,1,2),(3947,5,26,39,1,2),(3948,5,26,40,1,2),(3949,5,26,41,1,2),(3950,5,26,42,1,2),(3951,5,26,43,1,2),(3952,5,26,44,1,2),(3953,5,26,45,1,2),(3954,5,26,46,1,2),(3955,5,26,47,1,2),(3956,5,26,48,1,2),(3957,5,26,49,1,2),(3958,5,26,50,1,2),(3959,5,26,51,1,2),(3960,5,26,52,1,2),(3961,5,26,53,1,2),(3962,5,26,54,1,2),(3963,5,26,55,1,2),(3964,5,26,56,1,2),(3965,5,26,57,1,2),(3966,5,26,58,1,2),(3967,5,26,59,1,2),(3968,5,26,60,1,2),(3969,5,26,61,1,2),(3970,5,26,62,1,2),(3971,5,26,63,1,2),(3972,5,26,64,1,2),(3973,5,26,65,1,2),(3974,5,26,66,1,2),(3975,5,26,67,1,2),(3976,5,26,68,1,2),(3977,5,26,69,1,2),(3978,5,26,70,1,2),(3979,5,26,71,1,2),(3980,5,26,72,1,2),(3981,5,26,73,1,2),(3982,5,26,74,1,2),(3983,5,26,75,1,2),(3984,5,26,76,1,2),(3985,5,26,77,1,2),(3986,5,26,78,1,2),(3987,5,26,79,1,2),(3988,5,26,80,1,2),(3989,5,26,81,1,2),(3990,5,26,82,1,2),(3991,5,26,83,1,2),(3992,5,26,84,1,2),(3993,5,26,85,1,2),(3994,5,26,86,1,2),(3995,5,26,87,1,2),(3996,5,26,88,1,2),(3997,5,26,89,1,2),(3998,5,26,90,1,2),(3999,5,26,91,1,3),(4000,5,26,92,1,3),(4001,5,26,93,1,3),(4002,5,26,94,1,3),(4003,5,26,95,1,3),(4004,5,26,96,1,3),(4005,5,26,97,1,3),(4006,5,26,98,1,3),(4007,5,26,99,1,3),(4008,5,26,100,1,3),(4009,5,26,101,1,3),(4010,5,26,102,1,3),(4011,5,26,103,1,3),(4012,5,26,104,1,3),(4013,5,26,105,1,3),(4014,5,26,106,1,3),(4015,5,26,107,1,3),(4016,5,26,108,1,3),(4017,5,26,109,1,3),(4018,5,26,110,1,3),(4019,5,26,111,1,3),(4020,5,26,112,1,3),(4021,5,26,113,1,3),(4022,5,26,114,1,3),(4023,5,26,115,1,3),(4024,5,26,116,1,3),(4025,5,26,117,1,3),(4026,5,26,118,1,3),(4027,5,26,119,1,3),(4028,5,26,120,1,3),(4029,5,26,121,1,3),(4030,5,26,122,1,3),(4031,5,26,123,1,3),(4032,5,26,124,1,3),(4033,5,26,125,1,3),(4034,5,26,126,1,3),(4035,5,26,127,1,3),(4036,5,26,128,1,3),(4037,5,26,129,1,3),(4038,5,26,130,1,3),(4039,5,26,131,1,3),(4040,5,26,132,1,3),(4041,5,26,133,1,3),(4042,5,26,134,1,3),(4043,5,26,135,1,3),(4044,5,26,136,1,3),(4045,5,26,137,1,3),(4046,5,26,138,1,3),(4047,5,26,139,1,3),(4048,5,26,140,1,3),(4049,5,26,141,1,3),(4050,5,26,142,1,3),(4051,5,26,143,1,3),(4052,5,26,144,1,3),(4053,5,26,145,1,3),(4054,5,26,146,1,3),(4055,5,26,147,1,3),(4056,5,26,148,1,3),(4057,5,26,149,1,3),(4058,5,26,150,1,3),(4059,5,26,151,1,3),(4060,5,26,152,1,3),(4061,5,26,153,1,3),(4062,5,26,154,1,3),(4063,5,26,155,1,3),(4064,5,26,156,1,3),(4065,5,26,157,1,3),(4066,5,26,158,1,3),(4067,5,26,159,1,3),(4068,5,26,160,1,3),(4069,5,26,161,1,3),(4070,5,26,162,1,3),(4071,5,26,163,1,3),(4072,5,26,164,1,3),(4073,5,26,165,1,3),(4074,5,26,166,1,3),(4075,5,26,167,1,3),(4076,5,26,168,1,3),(4077,5,26,169,1,3),(4078,5,26,170,1,3),(4079,5,26,171,1,3),(4080,5,26,172,1,3),(4081,5,26,173,1,3),(4082,5,26,174,1,3),(4083,5,26,175,1,3),(4084,5,26,176,1,3),(4085,5,26,177,1,3),(4086,5,26,178,1,3),(4087,5,26,179,1,3),(4088,5,26,180,1,3),(4089,5,26,181,1,3),(4090,5,26,182,1,3),(4091,5,26,183,1,3),(4092,5,26,184,1,3),(4093,5,26,185,1,3),(4094,5,26,186,1,3),(4095,5,26,187,1,3),(4096,5,26,188,1,3),(4097,5,26,189,1,3),(4098,5,26,190,1,3),(4099,5,26,191,1,3),(4100,5,26,192,1,3),(4101,5,26,193,1,3),(4102,5,26,194,1,3),(4103,5,26,195,1,3),(4104,5,26,196,1,3),(4105,5,26,197,1,3),(4106,5,26,198,1,3),(4107,5,26,199,1,3),(4108,5,26,200,1,3),(4109,5,26,201,1,3),(4110,5,26,202,1,3),(4111,5,26,203,1,3),(4112,5,26,204,1,3),(4113,5,26,205,1,3),(4114,5,26,206,1,3),(4115,5,26,207,1,3),(4116,5,26,208,1,3),(4117,5,26,209,1,3),(4118,5,26,210,1,3),(4119,5,26,211,1,3),(4120,5,26,212,1,3),(4121,5,26,213,1,3),(4122,5,26,214,1,3),(4123,5,26,215,1,3),(4124,5,26,216,1,3),(4125,5,26,217,1,3),(4126,5,26,218,1,3),(4127,5,26,219,1,3),(4128,5,26,220,1,3),(4129,5,26,221,1,3),(4130,5,26,222,1,3),(4131,5,26,223,1,3),(4132,5,26,224,1,3),(4133,5,26,225,1,3),(4134,5,26,226,1,3),(4135,5,26,227,1,3),(4136,5,26,228,1,3),(4137,5,26,229,1,3),(4138,5,26,230,1,3),(4139,5,26,231,1,3),(4140,5,26,232,1,3),(4141,5,26,233,1,3),(4142,5,26,234,1,3),(4143,5,26,235,1,3),(4144,5,26,236,1,3),(4145,5,26,237,1,3),(4146,5,26,238,1,3),(4147,5,26,239,1,3),(4148,5,26,240,1,3),(4149,4,27,1,1,1),(4150,4,27,2,1,1),(4151,4,27,3,1,1),(4152,4,27,4,1,1),(4153,4,27,5,1,1),(4154,4,27,6,1,1),(4155,4,27,7,1,1),(4156,4,27,8,1,1),(4157,4,27,9,1,1),(4158,4,27,10,1,1),(4159,4,27,11,1,1),(4160,4,27,12,1,1),(4161,4,27,13,1,1),(4162,4,27,14,1,1),(4163,4,27,15,1,1),(4164,4,27,16,1,1),(4165,4,27,17,1,1),(4166,4,27,18,1,1),(4167,4,27,19,1,1),(4168,4,27,20,1,1),(4169,4,27,21,1,1),(4170,4,27,22,1,1),(4171,4,27,23,1,1),(4172,4,27,24,1,1),(4173,4,27,25,1,1),(4174,4,27,26,1,1),(4175,4,27,27,1,1),(4176,4,27,28,1,1),(4177,4,27,29,1,1),(4178,4,27,30,1,1),(4179,4,27,31,1,2),(4180,4,27,32,1,2),(4181,4,27,33,1,2),(4182,4,27,34,1,2),(4183,4,27,35,1,2),(4184,4,27,36,1,2),(4185,4,27,37,1,2),(4186,4,27,38,1,2),(4187,4,27,39,1,2),(4188,4,27,40,1,2),(4189,4,27,41,1,2),(4190,4,27,42,1,2),(4191,4,27,43,1,2),(4192,4,27,44,1,2),(4193,4,27,45,1,2),(4194,4,27,46,1,2),(4195,4,27,47,1,2),(4196,4,27,48,1,2),(4197,4,27,49,1,2),(4198,4,27,50,1,2),(4199,4,27,51,1,2),(4200,4,27,52,1,2),(4201,4,27,53,1,2),(4202,4,27,54,1,2),(4203,4,27,55,1,2),(4204,4,27,56,1,2),(4205,4,27,57,1,2),(4206,4,27,58,1,2),(4207,4,27,59,1,2),(4208,4,27,60,1,2),(4209,4,27,61,1,2),(4210,4,27,62,1,2),(4211,4,27,63,1,2),(4212,4,27,64,1,2),(4213,4,27,65,1,2),(4214,4,27,66,1,2),(4215,4,27,67,1,2),(4216,4,27,68,1,2),(4217,4,27,69,1,2),(4218,4,27,70,1,2),(4219,4,27,71,1,2),(4220,4,27,72,1,2),(4221,4,27,73,1,2),(4222,4,27,74,1,2),(4223,4,27,75,1,2),(4224,4,27,76,1,2),(4225,4,27,77,1,2),(4226,4,27,78,1,2),(4227,4,27,79,1,2),(4228,4,27,80,1,2),(4229,4,27,81,1,2),(4230,4,27,82,1,2),(4231,4,27,83,1,2),(4232,4,27,84,1,2),(4233,4,27,85,1,2),(4234,4,27,86,1,2),(4235,4,27,87,1,2),(4236,4,27,88,1,2),(4237,4,27,89,1,2),(4238,4,27,90,1,2),(4239,4,27,91,1,3),(4240,4,27,92,1,3),(4241,4,27,93,1,3),(4242,4,27,94,1,3),(4243,4,27,95,1,3),(4244,4,27,96,1,3),(4245,4,27,97,1,3),(4246,4,27,98,1,3),(4247,4,27,99,1,3),(4248,4,27,100,1,3),(4249,4,27,101,1,3),(4250,4,27,102,1,3),(4251,4,27,103,1,3),(4252,4,27,104,1,3),(4253,4,27,105,1,3),(4254,4,27,106,1,3),(4255,4,27,107,1,3),(4256,4,27,108,1,3),(4257,4,27,109,1,3),(4258,4,27,110,1,3),(4259,4,27,111,1,3),(4260,4,27,112,1,3),(4261,4,27,113,1,3),(4262,4,27,114,1,3),(4263,4,27,115,1,3),(4264,4,27,116,1,3),(4265,4,27,117,1,3),(4266,4,27,118,1,3),(4267,4,27,119,1,3),(4268,4,27,120,1,3),(4269,4,27,121,1,3),(4270,4,27,122,1,3),(4271,4,27,123,1,3),(4272,4,27,124,1,3),(4273,4,27,125,1,3),(4274,4,27,126,1,3),(4275,4,27,127,1,3),(4276,4,27,128,1,3),(4277,4,27,129,1,3),(4278,4,27,130,1,3),(4279,4,27,131,1,3),(4280,4,27,132,1,3),(4281,4,27,133,1,3),(4282,4,27,134,1,3),(4283,4,27,135,1,3),(4284,4,27,136,1,3),(4285,4,27,137,1,3),(4286,4,27,138,1,3),(4287,4,27,139,1,3),(4288,4,27,140,1,3),(4289,4,27,141,1,3),(4290,4,27,142,1,3),(4291,4,27,143,1,3),(4292,4,27,144,1,3),(4293,4,27,145,1,3),(4294,4,27,146,1,3),(4295,4,27,147,1,3),(4296,4,27,148,1,3),(4297,4,27,149,1,3),(4298,4,27,150,1,3),(4299,4,27,151,1,3),(4300,4,27,152,1,3),(4301,4,27,153,1,3),(4302,4,27,154,1,3),(4303,4,27,155,1,3),(4304,4,27,156,1,3),(4305,4,27,157,1,3),(4306,4,27,158,1,3),(4307,4,27,159,1,3),(4308,4,27,160,1,3),(4309,4,27,161,1,3),(4310,4,27,162,1,3),(4311,4,27,163,1,3),(4312,4,27,164,1,3),(4313,4,27,165,1,3),(4314,4,27,166,1,3),(4315,4,27,167,1,3),(4316,4,27,168,1,3),(4317,4,27,169,1,3),(4318,4,27,170,1,3),(4319,4,27,171,1,3),(4320,4,27,172,1,3),(4321,4,27,173,1,3),(4322,4,27,174,1,3),(4323,4,27,175,1,3),(4324,4,27,176,1,3),(4325,4,27,177,1,3),(4326,4,27,178,1,3),(4327,4,27,179,1,3),(4328,4,27,180,1,3),(4329,4,27,181,1,3),(4330,4,27,182,1,3),(4331,4,27,183,1,3),(4332,4,27,184,1,3),(4333,4,27,185,1,3),(4334,4,27,186,1,3),(4335,4,27,187,1,3),(4336,4,27,188,1,3),(4337,4,27,189,1,3),(4338,4,27,190,1,3),(4339,4,27,191,1,3),(4340,4,27,192,1,3),(4341,4,27,193,1,3),(4342,4,27,194,1,3),(4343,4,27,195,1,3),(4344,4,27,196,1,3),(4345,4,27,197,1,3),(4346,4,27,198,1,3),(4347,4,27,199,1,3),(4348,4,27,200,1,3),(4349,4,27,201,1,3),(4350,4,27,202,1,3),(4351,4,27,203,1,3),(4352,4,27,204,1,3),(4353,4,27,205,1,3),(4354,4,27,206,1,3),(4355,4,27,207,1,3),(4356,4,27,208,1,3),(4357,4,27,209,1,3),(4358,4,27,210,1,3),(4359,4,27,211,1,3),(4360,4,27,212,1,3),(4361,4,27,213,1,3),(4362,4,27,214,1,3),(4363,4,27,215,1,3),(4364,4,27,216,1,3),(4365,4,27,217,1,3),(4366,4,27,218,1,3),(4367,4,27,219,1,3),(4368,4,27,220,1,3),(4369,4,27,221,1,3),(4370,4,27,222,1,3),(4371,4,27,223,1,3),(4372,4,27,224,1,3),(4373,4,27,225,1,3),(4374,4,27,226,1,3),(4375,4,27,227,1,3),(4376,4,27,228,1,3),(4377,4,27,229,1,3),(4378,4,27,230,1,3),(4379,4,27,231,1,3),(4380,4,27,232,1,3),(4381,4,27,233,1,3),(4382,4,27,234,1,3),(4383,4,27,235,1,3),(4384,4,27,236,1,3),(4385,4,27,237,1,3),(4386,4,27,238,1,3),(4387,4,27,239,1,3),(4388,4,27,240,1,3),(4389,4,27,241,1,3),(4390,4,27,242,1,3),(4391,4,27,243,1,3),(4392,4,27,244,1,3),(4393,4,27,245,1,3),(4394,4,27,246,1,3),(4395,4,27,247,1,3),(4396,4,27,248,1,3),(4397,4,27,249,1,3),(4398,4,27,250,1,3),(4399,4,27,251,1,3),(4400,4,27,252,1,3),(4401,4,27,253,1,3),(4402,4,27,254,1,3),(4403,4,27,255,1,3),(4404,4,27,256,1,3),(4405,4,27,257,1,3),(4406,4,27,258,1,3),(4407,4,27,259,1,3),(4408,4,27,260,1,3),(4409,4,27,261,1,3),(4410,4,27,262,1,3),(4411,4,27,263,1,3),(4412,4,27,264,1,3),(4413,4,27,265,1,3),(4414,4,27,266,1,3),(4415,4,27,267,1,3),(4416,4,27,268,1,3),(4417,4,27,269,1,3),(4418,4,27,270,1,3),(4419,4,27,271,1,3),(4420,4,27,272,1,3),(4421,4,27,273,1,3),(4422,4,27,274,1,3),(4423,4,27,275,1,3),(4424,4,27,276,1,3),(4425,4,27,277,1,3),(4426,4,27,278,1,3),(4427,4,27,279,1,3),(4428,4,27,280,1,3),(4429,4,27,281,1,3),(4430,4,27,282,1,3),(4431,4,27,283,1,3),(4432,4,27,284,1,3),(4433,4,27,285,1,3),(4434,4,27,286,1,3),(4435,4,27,287,1,3),(4436,4,27,288,1,3),(4437,4,27,289,1,3),(4438,4,27,290,1,3),(4439,4,27,291,1,3),(4440,4,27,292,1,3),(4441,4,27,293,1,3),(4442,4,27,294,1,3),(4443,4,27,295,1,3),(4444,4,27,296,1,3),(4445,4,27,297,1,3),(4446,4,27,298,1,3),(4447,4,27,299,1,3),(4448,4,27,300,1,3),(4449,5,28,1,1,1),(4450,5,28,2,1,1),(4451,5,28,3,1,1),(4452,5,28,4,1,1),(4453,5,28,5,1,1),(4454,5,28,6,1,1),(4455,5,28,7,1,1),(4456,5,28,8,1,1),(4457,5,28,9,1,1),(4458,5,28,10,1,1),(4459,5,28,11,1,1),(4460,5,28,12,1,1),(4461,5,28,13,1,1),(4462,5,28,14,1,1),(4463,5,28,15,1,1),(4464,5,28,16,1,1),(4465,5,28,17,1,1),(4466,5,28,18,1,1),(4467,5,28,19,1,1),(4468,5,28,20,1,1),(4469,5,28,21,1,1),(4470,5,28,22,1,1),(4471,5,28,23,1,1),(4472,5,28,24,1,1),(4473,5,28,25,1,1),(4474,5,28,26,1,1),(4475,5,28,27,1,1),(4476,5,28,28,1,1),(4477,5,28,29,1,1),(4478,5,28,30,1,1),(4479,5,28,31,1,2),(4480,5,28,32,1,2),(4481,5,28,33,1,2),(4482,5,28,34,1,2),(4483,5,28,35,1,2),(4484,5,28,36,1,2),(4485,5,28,37,1,2),(4486,5,28,38,1,2),(4487,5,28,39,1,2),(4488,5,28,40,1,2),(4489,5,28,41,1,2),(4490,5,28,42,1,2),(4491,5,28,43,1,2),(4492,5,28,44,1,2),(4493,5,28,45,1,2),(4494,5,28,46,1,2),(4495,5,28,47,1,2),(4496,5,28,48,1,2),(4497,5,28,49,1,2),(4498,5,28,50,1,2),(4499,5,28,51,1,2),(4500,5,28,52,1,2),(4501,5,28,53,1,2),(4502,5,28,54,1,2),(4503,5,28,55,1,2),(4504,5,28,56,1,2),(4505,5,28,57,1,2),(4506,5,28,58,1,2),(4507,5,28,59,1,2),(4508,5,28,60,1,2),(4509,5,28,61,1,2),(4510,5,28,62,1,2),(4511,5,28,63,1,2),(4512,5,28,64,1,2),(4513,5,28,65,1,2),(4514,5,28,66,1,2),(4515,5,28,67,1,2),(4516,5,28,68,1,2),(4517,5,28,69,1,2),(4518,5,28,70,1,2),(4519,5,28,71,1,2),(4520,5,28,72,1,2),(4521,5,28,73,1,2),(4522,5,28,74,1,2),(4523,5,28,75,1,2),(4524,5,28,76,1,2),(4525,5,28,77,1,2),(4526,5,28,78,1,2),(4527,5,28,79,1,2),(4528,5,28,80,1,2),(4529,5,28,81,1,2),(4530,5,28,82,1,2),(4531,5,28,83,1,2),(4532,5,28,84,1,2),(4533,5,28,85,1,2),(4534,5,28,86,1,2),(4535,5,28,87,1,2),(4536,5,28,88,1,2),(4537,5,28,89,1,2),(4538,5,28,90,1,2),(4539,5,28,91,1,3),(4540,5,28,92,1,3),(4541,5,28,93,1,3),(4542,5,28,94,1,3),(4543,5,28,95,1,3),(4544,5,28,96,1,3),(4545,5,28,97,1,3),(4546,5,28,98,1,3),(4547,5,28,99,1,3),(4548,5,28,100,1,3),(4549,5,28,101,1,3),(4550,5,28,102,1,3),(4551,5,28,103,1,3),(4552,5,28,104,1,3),(4553,5,28,105,1,3),(4554,5,28,106,1,3),(4555,5,28,107,1,3),(4556,5,28,108,1,3),(4557,5,28,109,1,3),(4558,5,28,110,1,3),(4559,5,28,111,1,3),(4560,5,28,112,1,3),(4561,5,28,113,1,3),(4562,5,28,114,1,3),(4563,5,28,115,1,3),(4564,5,28,116,1,3),(4565,5,28,117,1,3),(4566,5,28,118,1,3),(4567,5,28,119,1,3),(4568,5,28,120,1,3),(4569,5,28,121,1,3),(4570,5,28,122,1,3),(4571,5,28,123,1,3),(4572,5,28,124,1,3),(4573,5,28,125,1,3),(4574,5,28,126,1,3),(4575,5,28,127,1,3),(4576,5,28,128,1,3),(4577,5,28,129,1,3),(4578,5,28,130,1,3),(4579,5,28,131,1,3),(4580,5,28,132,1,3),(4581,5,28,133,1,3),(4582,5,28,134,1,3),(4583,5,28,135,1,3),(4584,5,28,136,1,3),(4585,5,28,137,1,3),(4586,5,28,138,1,3),(4587,5,28,139,1,3),(4588,5,28,140,1,3),(4589,5,28,141,1,3),(4590,5,28,142,1,3),(4591,5,28,143,1,3),(4592,5,28,144,1,3),(4593,5,28,145,1,3),(4594,5,28,146,1,3),(4595,5,28,147,1,3),(4596,5,28,148,1,3),(4597,5,28,149,1,3),(4598,5,28,150,1,3),(4599,5,28,151,1,3),(4600,5,28,152,1,3),(4601,5,28,153,1,3),(4602,5,28,154,1,3),(4603,5,28,155,1,3),(4604,5,28,156,1,3),(4605,5,28,157,1,3),(4606,5,28,158,1,3),(4607,5,28,159,1,3),(4608,5,28,160,1,3),(4609,5,28,161,1,3),(4610,5,28,162,1,3),(4611,5,28,163,1,3),(4612,5,28,164,1,3),(4613,5,28,165,1,3),(4614,5,28,166,1,3),(4615,5,28,167,1,3),(4616,5,28,168,1,3),(4617,5,28,169,1,3),(4618,5,28,170,1,3),(4619,5,28,171,1,3),(4620,5,28,172,1,3),(4621,5,28,173,1,3),(4622,5,28,174,1,3),(4623,5,28,175,1,3),(4624,5,28,176,1,3),(4625,5,28,177,1,3),(4626,5,28,178,1,3),(4627,5,28,179,1,3),(4628,5,28,180,1,3),(4629,5,28,181,1,3),(4630,5,28,182,1,3),(4631,5,28,183,1,3),(4632,5,28,184,1,3),(4633,5,28,185,1,3),(4634,5,28,186,1,3),(4635,5,28,187,1,3),(4636,5,28,188,1,3),(4637,5,28,189,1,3),(4638,5,28,190,1,3),(4639,5,28,191,1,3),(4640,5,28,192,1,3),(4641,5,28,193,1,3),(4642,5,28,194,1,3),(4643,5,28,195,1,3),(4644,5,28,196,1,3),(4645,5,28,197,1,3),(4646,5,28,198,1,3),(4647,5,28,199,1,3),(4648,5,28,200,1,3),(4649,5,28,201,1,3),(4650,5,28,202,1,3),(4651,5,28,203,1,3),(4652,5,28,204,1,3),(4653,5,28,205,1,3),(4654,5,28,206,1,3),(4655,5,28,207,1,3),(4656,5,28,208,1,3),(4657,5,28,209,1,3),(4658,5,28,210,1,3),(4659,5,28,211,1,3),(4660,5,28,212,1,3),(4661,5,28,213,1,3),(4662,5,28,214,1,3),(4663,5,28,215,1,3),(4664,5,28,216,1,3),(4665,5,28,217,1,3),(4666,5,28,218,1,3),(4667,5,28,219,1,3),(4668,5,28,220,1,3),(4669,5,28,221,1,3),(4670,5,28,222,1,3),(4671,5,28,223,1,3),(4672,5,28,224,1,3),(4673,5,28,225,1,3),(4674,5,28,226,1,3),(4675,5,28,227,1,3),(4676,5,28,228,1,3),(4677,5,28,229,1,3),(4678,5,28,230,1,3),(4679,5,28,231,1,3),(4680,5,28,232,1,3),(4681,5,28,233,1,3),(4682,5,28,234,1,3),(4683,5,28,235,1,3),(4684,5,28,236,1,3),(4685,5,28,237,1,3),(4686,5,28,238,1,3),(4687,5,28,239,1,3),(4688,5,28,240,1,3),(4689,NULL,NULL,NULL,1,NULL),(4690,NULL,NULL,NULL,1,NULL),(4691,NULL,NULL,NULL,1,NULL),(4692,1,29,1,3,1),(4693,1,29,2,3,1),(4694,1,29,3,1,1),(4695,1,29,4,1,1),(4696,1,29,5,1,1),(4697,1,29,6,1,1),(4698,1,29,7,2,1),(4699,1,29,8,2,1),(4700,1,29,9,1,1),(4701,1,29,10,1,1),(4702,1,29,11,1,1),(4703,1,29,12,1,1),(4704,1,29,13,1,1),(4705,1,29,14,1,1),(4706,1,29,15,1,1),(4707,1,29,16,1,1),(4708,1,29,17,1,1),(4709,1,29,18,1,1),(4710,1,29,19,1,1),(4711,1,29,20,1,1),(4712,1,29,21,1,1),(4713,1,29,22,1,1),(4714,1,29,23,1,1),(4715,1,29,24,1,1),(4716,1,29,25,1,1),(4717,1,29,26,1,1),(4718,1,29,27,1,1),(4719,1,29,28,1,1),(4720,1,29,29,1,1),(4721,1,29,30,1,1),(4722,1,29,31,1,2),(4723,1,29,32,1,2),(4724,1,29,33,1,2),(4725,1,29,34,1,2),(4726,1,29,35,1,2),(4727,1,29,36,1,2),(4728,1,29,37,1,2),(4729,1,29,38,1,2),(4730,1,29,39,1,2),(4731,1,29,40,1,2),(4732,1,29,41,1,2),(4733,1,29,42,1,2),(4734,1,29,43,1,2),(4735,1,29,44,1,2),(4736,1,29,45,1,2),(4737,1,29,46,1,2),(4738,1,29,47,1,2),(4739,1,29,48,1,2),(4740,1,29,49,1,2),(4741,1,29,50,1,2),(4742,1,29,51,1,2),(4743,1,29,52,1,2),(4744,1,29,53,1,2),(4745,1,29,54,1,2),(4746,1,29,55,1,2),(4747,1,29,56,1,2),(4748,1,29,57,1,2),(4749,1,29,58,1,2),(4750,1,29,59,1,2),(4751,1,29,60,1,2),(4752,1,29,61,1,2),(4753,1,29,62,1,2),(4754,1,29,63,1,2),(4755,1,29,64,1,2),(4756,1,29,65,1,2),(4757,1,29,66,1,2),(4758,1,29,67,1,2),(4759,1,29,68,1,2),(4760,1,29,69,1,2),(4761,1,29,70,1,2),(4762,1,29,71,1,2),(4763,1,29,72,1,2),(4764,1,29,73,1,2),(4765,1,29,74,1,2),(4766,1,29,75,1,2),(4767,1,29,76,1,2),(4768,1,29,77,1,2),(4769,1,29,78,1,2),(4770,1,29,79,1,2),(4771,1,29,80,1,2),(4772,1,29,81,1,2),(4773,1,29,82,1,2),(4774,1,29,83,1,2),(4775,1,29,84,1,2),(4776,1,29,85,1,2),(4777,1,29,86,1,2),(4778,1,29,87,1,2),(4779,1,29,88,1,2),(4780,1,29,89,1,2),(4781,1,29,90,1,2),(4782,1,29,91,1,3),(4783,1,29,92,1,3),(4784,1,29,93,1,3),(4785,1,29,94,1,3),(4786,1,29,95,1,3),(4787,1,29,96,1,3),(4788,1,29,97,1,3),(4789,1,29,98,1,3),(4790,1,29,99,1,3),(4791,1,29,100,1,3),(4792,1,29,101,1,3),(4793,1,29,102,1,3),(4794,1,29,103,1,3),(4795,1,29,104,1,3),(4796,1,29,105,1,3),(4797,1,29,106,1,3),(4798,1,29,107,1,3),(4799,1,29,108,1,3),(4800,1,29,109,1,3),(4801,1,29,110,1,3),(4802,1,29,111,1,3),(4803,1,29,112,1,3),(4804,1,29,113,1,3),(4805,1,29,114,1,3),(4806,1,29,115,1,3),(4807,1,29,116,1,3),(4808,1,29,117,1,3),(4809,1,29,118,1,3),(4810,1,29,119,1,3),(4811,1,29,120,1,3),(4812,1,29,121,1,3),(4813,1,29,122,1,3),(4814,1,29,123,1,3),(4815,1,29,124,1,3),(4816,1,29,125,1,3),(4817,1,29,126,1,3),(4818,1,29,127,1,3),(4819,1,29,128,1,3),(4820,1,29,129,1,3),(4821,1,29,130,1,3),(4822,1,29,131,1,3),(4823,1,29,132,1,3),(4824,1,29,133,1,3),(4825,1,29,134,1,3),(4826,1,29,135,1,3),(4827,1,29,136,1,3),(4828,1,29,137,1,3),(4829,1,29,138,1,3),(4830,1,29,139,1,3),(4831,1,29,140,1,3),(4832,1,29,141,1,3),(4833,1,29,142,1,3),(4834,1,29,143,1,3),(4835,1,29,144,1,3),(4836,1,29,145,1,3),(4837,1,29,146,1,3),(4838,1,29,147,1,3),(4839,1,29,148,1,3),(4840,1,29,149,1,3),(4841,1,29,150,1,3),(4842,1,29,151,1,3),(4843,1,29,152,1,3),(4844,1,29,153,1,3),(4845,1,29,154,1,3),(4846,1,29,155,1,3),(4847,1,29,156,1,3),(4848,1,29,157,1,3),(4849,1,29,158,1,3),(4850,1,29,159,1,3),(4851,1,29,160,1,3),(4852,1,29,161,1,3),(4853,1,29,162,1,3),(4854,1,29,163,1,3),(4855,1,29,164,1,3),(4856,1,29,165,1,3),(4857,1,29,166,1,3),(4858,1,29,167,1,3),(4859,1,29,168,1,3),(4860,1,29,169,1,3),(4861,1,29,170,1,3),(4862,1,29,171,1,3),(4863,1,29,172,1,3),(4864,1,29,173,1,3),(4865,1,29,174,1,3),(4866,1,29,175,1,3),(4867,1,29,176,1,3),(4868,1,29,177,1,3),(4869,1,29,178,1,3),(4870,1,29,179,1,3),(4871,1,29,180,1,3),(4872,1,29,181,1,3),(4873,1,29,182,1,3),(4874,1,29,183,1,3),(4875,1,29,184,1,3),(4876,1,29,185,1,3),(4877,1,29,186,1,3),(4878,1,29,187,1,3),(4879,1,29,188,1,3),(4880,1,29,189,1,3),(4881,1,29,190,1,3),(4882,1,29,191,1,3),(4883,1,29,192,1,3),(4884,1,29,193,1,3),(4885,1,29,194,1,3),(4886,1,29,195,1,3),(4887,1,29,196,1,3),(4888,1,29,197,1,3),(4889,1,29,198,1,3),(4890,1,29,199,1,3),(4891,1,29,200,1,3),(4892,1,29,201,1,3),(4893,1,29,202,1,3),(4894,1,29,203,1,3),(4895,1,29,204,1,3),(4896,1,29,205,1,3),(4897,1,29,206,1,3),(4898,1,29,207,1,3),(4899,1,29,208,1,3),(4900,1,29,209,1,3),(4901,1,29,210,1,3),(4902,1,29,211,1,3),(4903,1,29,212,1,3),(4904,1,29,213,1,3),(4905,1,29,214,1,3),(4906,1,29,215,1,3),(4907,1,29,216,1,3),(4908,1,29,217,1,3),(4909,1,29,218,1,3),(4910,1,29,219,1,3),(4911,1,29,220,1,3),(4912,1,29,221,1,3),(4913,1,29,222,1,3),(4914,2,30,1,1,1),(4915,2,30,2,1,1),(4916,2,30,3,1,1),(4917,2,30,4,1,1),(4918,2,30,5,1,1),(4919,2,30,6,1,1),(4920,2,30,7,1,1),(4921,2,30,8,1,1),(4922,2,30,9,1,1),(4923,2,30,10,1,1),(4924,2,30,11,1,1),(4925,2,30,12,1,1),(4926,2,30,13,1,1),(4927,2,30,14,1,1),(4928,2,30,15,1,1),(4929,2,30,16,1,1),(4930,2,30,17,1,1),(4931,2,30,18,1,1),(4932,2,30,19,1,1),(4933,2,30,20,1,1),(4934,2,30,21,1,1),(4935,2,30,22,1,1),(4936,2,30,23,1,1),(4937,2,30,24,1,1),(4938,2,30,25,1,1),(4939,2,30,26,1,1),(4940,2,30,27,1,1),(4941,2,30,28,1,1),(4942,2,30,29,1,1),(4943,2,30,30,1,1),(4944,2,30,31,1,2),(4945,2,30,32,1,2),(4946,2,30,33,1,2),(4947,2,30,34,1,2),(4948,2,30,35,1,2),(4949,2,30,36,1,2),(4950,2,30,37,1,2),(4951,2,30,38,1,2),(4952,2,30,39,1,2),(4953,2,30,40,1,2),(4954,2,30,41,1,2),(4955,2,30,42,1,2),(4956,2,30,43,1,2),(4957,2,30,44,1,2),(4958,2,30,45,1,2),(4959,2,30,46,1,2),(4960,2,30,47,1,2),(4961,2,30,48,1,2),(4962,2,30,49,1,2),(4963,2,30,50,1,2),(4964,2,30,51,1,2),(4965,2,30,52,1,2),(4966,2,30,53,1,2),(4967,2,30,54,1,2),(4968,2,30,55,1,2),(4969,2,30,56,1,2),(4970,2,30,57,1,2),(4971,2,30,58,1,2),(4972,2,30,59,1,2),(4973,2,30,60,1,2),(4974,2,30,61,1,2),(4975,2,30,62,1,2),(4976,2,30,63,1,2),(4977,2,30,64,1,2),(4978,2,30,65,1,2),(4979,2,30,66,1,2),(4980,2,30,67,1,2),(4981,2,30,68,1,2),(4982,2,30,69,1,2),(4983,2,30,70,1,2),(4984,2,30,71,1,2),(4985,2,30,72,1,2),(4986,2,30,73,1,2),(4987,2,30,74,1,2),(4988,2,30,75,1,2),(4989,2,30,76,1,2),(4990,2,30,77,1,2),(4991,2,30,78,1,2),(4992,2,30,79,1,2),(4993,2,30,80,1,2),(4994,2,30,81,1,2),(4995,2,30,82,1,2),(4996,2,30,83,1,2),(4997,2,30,84,1,2),(4998,2,30,85,1,2),(4999,2,30,86,1,2),(5000,2,30,87,1,2),(5001,2,30,88,1,2),(5002,2,30,89,1,2),(5003,2,30,90,1,2),(5004,2,30,91,1,3),(5005,2,30,92,1,3),(5006,2,30,93,1,3),(5007,2,30,94,1,3),(5008,2,30,95,1,3),(5009,2,30,96,1,3),(5010,2,30,97,1,3),(5011,2,30,98,1,3),(5012,2,30,99,1,3),(5013,2,30,100,1,3),(5014,2,30,101,1,3),(5015,2,30,102,1,3),(5016,2,30,103,1,3),(5017,2,30,104,1,3),(5018,2,30,105,1,3),(5019,2,30,106,1,3),(5020,2,30,107,1,3),(5021,2,30,108,1,3),(5022,2,30,109,1,3),(5023,2,30,110,1,3),(5024,2,30,111,1,3),(5025,2,30,112,1,3),(5026,2,30,113,1,3),(5027,2,30,114,1,3),(5028,2,30,115,1,3),(5029,2,30,116,1,3),(5030,2,30,117,1,3),(5031,2,30,118,1,3),(5032,2,30,119,1,3),(5033,2,30,120,1,3),(5034,2,30,121,1,3),(5035,2,30,122,1,3),(5036,2,30,123,1,3),(5037,2,30,124,1,3),(5038,2,30,125,1,3),(5039,2,30,126,1,3),(5040,2,30,127,1,3),(5041,2,30,128,1,3),(5042,2,30,129,1,3),(5043,2,30,130,1,3),(5044,2,30,131,1,3),(5045,2,30,132,1,3),(5046,2,30,133,1,3),(5047,2,30,134,1,3),(5048,2,30,135,1,3),(5049,2,30,136,1,3),(5050,2,30,137,1,3),(5051,2,30,138,1,3),(5052,2,30,139,1,3),(5053,2,30,140,1,3),(5054,2,30,141,1,3),(5055,2,30,142,1,3),(5056,2,30,143,1,3),(5057,2,30,144,1,3),(5058,2,30,145,1,3),(5059,2,30,146,1,3),(5060,2,30,147,1,3),(5061,2,30,148,1,3),(5062,2,30,149,1,3),(5063,2,30,150,1,3),(5064,2,30,151,1,3),(5065,2,30,152,1,3),(5066,2,30,153,1,3),(5067,2,30,154,1,3),(5068,2,30,155,1,3),(5069,2,30,156,1,3),(5070,2,30,157,1,3),(5071,2,30,158,1,3),(5072,2,30,159,1,3),(5073,2,30,160,1,3),(5074,2,30,161,1,3),(5075,2,30,162,1,3),(5076,2,30,163,1,3),(5077,2,30,164,1,3),(5078,2,30,165,1,3),(5079,2,30,166,1,3),(5080,2,30,167,1,3),(5081,2,30,168,1,3),(5082,2,30,169,1,3),(5083,2,30,170,1,3),(5084,2,30,171,1,3),(5085,2,30,172,1,3),(5086,2,30,173,1,3),(5087,2,30,174,1,3),(5088,2,30,175,1,3),(5089,2,30,176,1,3),(5090,2,30,177,1,3),(5091,2,30,178,1,3),(5092,2,30,179,1,3),(5093,2,30,180,1,3),(5094,2,30,181,1,3),(5095,2,30,182,1,3),(5096,2,30,183,1,3),(5097,2,30,184,1,3),(5098,2,30,185,1,3),(5099,2,30,186,1,3),(5100,2,30,187,1,3),(5101,2,30,188,1,3),(5102,2,30,189,1,3),(5103,2,30,190,1,3),(5104,2,30,191,1,3),(5105,2,30,192,1,3),(5106,2,30,193,1,3),(5107,2,30,194,1,3),(5108,2,30,195,1,3),(5109,2,30,196,1,3),(5110,2,30,197,1,3),(5111,2,30,198,1,3),(5112,2,30,199,1,3),(5113,2,30,200,1,3),(5114,2,30,201,1,3),(5115,2,30,202,1,3),(5116,2,30,203,1,3),(5117,2,30,204,1,3),(5118,2,30,205,1,3),(5119,2,30,206,1,3),(5120,2,30,207,1,3),(5121,2,30,208,1,3),(5122,2,30,209,1,3),(5123,2,30,210,1,3),(5124,2,30,211,1,3),(5125,2,30,212,1,3),(5126,2,30,213,1,3),(5127,2,30,214,1,3),(5128,2,30,215,1,3),(5129,2,30,216,1,3),(5130,2,30,217,1,3),(5131,2,30,218,1,3),(5132,2,30,219,1,3),(5133,2,30,220,1,3),(5134,2,30,221,1,3),(5135,2,30,222,1,3),(5136,2,30,223,1,3),(5137,2,30,224,1,3),(5138,2,30,225,1,3),(5139,2,30,226,1,3),(5140,2,30,227,1,3),(5141,2,30,228,1,3),(5142,2,30,229,1,3),(5143,2,30,230,1,3),(5144,2,30,231,1,3),(5145,2,30,232,1,3),(5146,2,30,233,1,3),(5147,2,30,234,1,3),(5148,2,30,235,1,3),(5149,2,30,236,1,3),(5150,2,30,237,1,3),(5151,2,30,238,1,3),(5152,2,30,239,1,3),(5153,2,30,240,1,3),(5154,3,31,1,1,1),(5155,3,31,2,1,1),(5156,3,31,3,1,1),(5157,3,31,4,1,1),(5158,3,31,5,1,1),(5159,3,31,6,1,1),(5160,3,31,7,1,1),(5161,3,31,8,1,1),(5162,3,31,9,1,1),(5163,3,31,10,1,1),(5164,3,31,11,1,1),(5165,3,31,12,1,1),(5166,3,31,13,1,1),(5167,3,31,14,1,1),(5168,3,31,15,1,1),(5169,3,31,16,1,1),(5170,3,31,17,1,1),(5171,3,31,18,1,1),(5172,3,31,19,1,1),(5173,3,31,20,1,1),(5174,3,31,21,1,1),(5175,3,31,22,1,1),(5176,3,31,23,1,1),(5177,3,31,24,1,1),(5178,3,31,25,1,1),(5179,3,31,26,1,1),(5180,3,31,27,1,1),(5181,3,31,28,1,1),(5182,3,31,29,1,1),(5183,3,31,30,1,1),(5184,3,31,31,1,2),(5185,3,31,32,1,2),(5186,3,31,33,1,2),(5187,3,31,34,1,2),(5188,3,31,35,1,2),(5189,3,31,36,1,2),(5190,3,31,37,1,2),(5191,3,31,38,1,2),(5192,3,31,39,1,2),(5193,3,31,40,1,2),(5194,3,31,41,1,2),(5195,3,31,42,1,2),(5196,3,31,43,1,2),(5197,3,31,44,1,2),(5198,3,31,45,1,2),(5199,3,31,46,1,2),(5200,3,31,47,1,2),(5201,3,31,48,1,2),(5202,3,31,49,1,2),(5203,3,31,50,1,2),(5204,3,31,51,1,2),(5205,3,31,52,1,2),(5206,3,31,53,1,2),(5207,3,31,54,1,2),(5208,3,31,55,1,2),(5209,3,31,56,1,2),(5210,3,31,57,1,2),(5211,3,31,58,1,2),(5212,3,31,59,1,2),(5213,3,31,60,1,2),(5214,3,31,61,1,2),(5215,3,31,62,1,2),(5216,3,31,63,1,2),(5217,3,31,64,1,2),(5218,3,31,65,1,2),(5219,3,31,66,1,2),(5220,3,31,67,1,2),(5221,3,31,68,1,2),(5222,3,31,69,1,2),(5223,3,31,70,1,2),(5224,3,31,71,1,2),(5225,3,31,72,1,2),(5226,3,31,73,1,2),(5227,3,31,74,1,2),(5228,3,31,75,1,2),(5229,3,31,76,1,2),(5230,3,31,77,1,2),(5231,3,31,78,1,2),(5232,3,31,79,1,2),(5233,3,31,80,1,2),(5234,3,31,81,1,2),(5235,3,31,82,1,2),(5236,3,31,83,1,2),(5237,3,31,84,1,2),(5238,3,31,85,1,2),(5239,3,31,86,1,2),(5240,3,31,87,1,2),(5241,3,31,88,1,2),(5242,3,31,89,1,2),(5243,3,31,90,1,2),(5244,3,31,91,1,3),(5245,3,31,92,1,3),(5246,3,31,93,1,3),(5247,3,31,94,1,3),(5248,3,31,95,1,3),(5249,3,31,96,1,3),(5250,3,31,97,1,3),(5251,3,31,98,1,3),(5252,3,31,99,1,3),(5253,3,31,100,1,3),(5254,3,31,101,1,3),(5255,3,31,102,1,3),(5256,3,31,103,1,3),(5257,3,31,104,1,3),(5258,3,31,105,1,3),(5259,3,31,106,1,3),(5260,3,31,107,1,3),(5261,3,31,108,1,3),(5262,3,31,109,1,3),(5263,3,31,110,1,3),(5264,3,31,111,1,3),(5265,3,31,112,1,3),(5266,3,31,113,1,3),(5267,3,31,114,1,3),(5268,3,31,115,1,3),(5269,3,31,116,1,3),(5270,3,31,117,1,3),(5271,3,31,118,1,3),(5272,3,31,119,1,3),(5273,3,31,120,1,3),(5274,3,31,121,1,3),(5275,3,31,122,1,3),(5276,3,31,123,1,3),(5277,3,31,124,1,3),(5278,3,31,125,1,3),(5279,3,31,126,1,3),(5280,3,31,127,1,3),(5281,3,31,128,1,3),(5282,3,31,129,1,3),(5283,3,31,130,1,3),(5284,3,31,131,1,3),(5285,3,31,132,1,3),(5286,3,31,133,1,3),(5287,3,31,134,1,3),(5288,3,31,135,1,3),(5289,3,31,136,1,3),(5290,3,31,137,1,3),(5291,3,31,138,1,3),(5292,3,31,139,1,3),(5293,3,31,140,1,3),(5294,3,31,141,1,3),(5295,3,31,142,1,3),(5296,3,31,143,1,3),(5297,3,31,144,1,3),(5298,3,31,145,1,3),(5299,3,31,146,1,3),(5300,3,31,147,1,3),(5301,3,31,148,1,3),(5302,3,31,149,1,3),(5303,3,31,150,1,3),(5304,3,31,151,1,3),(5305,3,31,152,1,3),(5306,3,31,153,1,3),(5307,3,31,154,1,3),(5308,3,31,155,1,3),(5309,3,31,156,1,3),(5310,3,31,157,1,3),(5311,3,31,158,1,3),(5312,3,31,159,1,3),(5313,3,31,160,1,3),(5314,3,31,161,1,3),(5315,3,31,162,1,3),(5316,3,31,163,1,3),(5317,3,31,164,1,3),(5318,3,31,165,1,3),(5319,3,31,166,1,3),(5320,3,31,167,1,3),(5321,3,31,168,1,3),(5322,3,31,169,1,3),(5323,3,31,170,1,3),(5324,3,31,171,1,3),(5325,3,31,172,1,3),(5326,3,31,173,1,3),(5327,3,31,174,1,3),(5328,3,31,175,1,3),(5329,3,31,176,1,3),(5330,3,31,177,1,3),(5331,3,31,178,1,3),(5332,3,31,179,1,3),(5333,3,31,180,1,3),(5334,3,31,181,1,3),(5335,3,31,182,1,3),(5336,3,31,183,1,3),(5337,3,31,184,1,3),(5338,3,31,185,1,3),(5339,3,31,186,1,3),(5340,3,31,187,1,3),(5341,3,31,188,1,3),(5342,3,31,189,1,3),(5343,3,31,190,1,3),(5344,3,31,191,1,3),(5345,3,31,192,1,3),(5346,3,31,193,1,3),(5347,3,31,194,1,3),(5348,3,31,195,1,3),(5349,3,31,196,1,3),(5350,3,31,197,1,3),(5351,3,31,198,1,3),(5352,3,31,199,1,3),(5353,3,31,200,1,3),(5354,3,31,201,1,3),(5355,3,31,202,1,3),(5356,3,31,203,1,3),(5357,3,31,204,1,3),(5358,3,31,205,1,3),(5359,3,31,206,1,3),(5360,3,31,207,1,3),(5361,3,31,208,1,3),(5362,3,31,209,1,3),(5363,3,31,210,1,3),(5364,3,31,211,1,3),(5365,3,31,212,1,3),(5366,3,31,213,1,3),(5367,3,31,214,1,3),(5368,3,31,215,1,3),(5369,3,31,216,1,3),(5370,3,31,217,1,3),(5371,3,31,218,1,3),(5372,3,31,219,1,3),(5373,3,31,220,1,3),(5374,3,31,221,1,3),(5375,3,31,222,1,3),(5376,3,31,223,1,3),(5377,3,31,224,1,3),(5378,3,31,225,1,3),(5379,3,31,226,1,3),(5380,3,31,227,1,3),(5381,3,31,228,1,3),(5382,1,32,1,2,1),(5383,1,32,2,2,1),(5384,1,32,3,2,1),(5385,1,32,4,2,1),(5386,1,32,5,1,1),(5387,1,32,6,1,1),(5388,1,32,7,1,1),(5389,1,32,8,1,1),(5390,1,32,9,1,1),(5391,1,32,10,1,1),(5392,1,32,11,1,1),(5393,1,32,12,1,1),(5394,1,32,13,1,1),(5395,1,32,14,1,1),(5396,1,32,15,1,1),(5397,1,32,16,1,1),(5398,1,32,17,1,1),(5399,1,32,18,1,1),(5400,1,32,19,1,1),(5401,1,32,20,1,1),(5402,1,32,21,1,1),(5403,1,32,22,1,1),(5404,1,32,23,1,1),(5405,1,32,24,1,1),(5406,1,32,25,1,1),(5407,1,32,26,1,1),(5408,1,32,27,1,1),(5409,1,32,28,1,1),(5410,1,32,29,1,1),(5411,1,32,30,1,1),(5412,1,32,31,1,2),(5413,1,32,32,1,2),(5414,1,32,33,1,2),(5415,1,32,34,1,2),(5416,1,32,35,1,2),(5417,1,32,36,1,2),(5418,1,32,37,1,2),(5419,1,32,38,1,2),(5420,1,32,39,1,2),(5421,1,32,40,1,2),(5422,1,32,41,1,2),(5423,1,32,42,1,2),(5424,1,32,43,1,2),(5425,1,32,44,1,2),(5426,1,32,45,1,2),(5427,1,32,46,1,2),(5428,1,32,47,1,2),(5429,1,32,48,1,2),(5430,1,32,49,1,2),(5431,1,32,50,1,2),(5432,1,32,51,1,2),(5433,1,32,52,1,2),(5434,1,32,53,1,2),(5435,1,32,54,1,2),(5436,1,32,55,1,2),(5437,1,32,56,1,2),(5438,1,32,57,1,2),(5439,1,32,58,1,2),(5440,1,32,59,1,2),(5441,1,32,60,1,2),(5442,1,32,61,1,2),(5443,1,32,62,1,2),(5444,1,32,63,1,2),(5445,1,32,64,1,2),(5446,1,32,65,1,2),(5447,1,32,66,1,2),(5448,1,32,67,1,2),(5449,1,32,68,1,2),(5450,1,32,69,1,2),(5451,1,32,70,1,2),(5452,1,32,71,1,2),(5453,1,32,72,1,2),(5454,1,32,73,1,2),(5455,1,32,74,1,2),(5456,1,32,75,1,2),(5457,1,32,76,1,2),(5458,1,32,77,1,2),(5459,1,32,78,1,2),(5460,1,32,79,1,2),(5461,1,32,80,1,2),(5462,1,32,81,1,2),(5463,1,32,82,1,2),(5464,1,32,83,1,2),(5465,1,32,84,1,2),(5466,1,32,85,1,2),(5467,1,32,86,1,2),(5468,1,32,87,1,2),(5469,1,32,88,1,2),(5470,1,32,89,1,2),(5471,1,32,90,1,2),(5472,1,32,91,1,3),(5473,1,32,92,1,3),(5474,1,32,93,1,3),(5475,1,32,94,1,3),(5476,1,32,95,1,3),(5477,1,32,96,1,3),(5478,1,32,97,1,3),(5479,1,32,98,1,3),(5480,1,32,99,1,3),(5481,1,32,100,1,3),(5482,1,32,101,1,3),(5483,1,32,102,1,3),(5484,1,32,103,1,3),(5485,1,32,104,1,3),(5486,1,32,105,1,3),(5487,1,32,106,1,3),(5488,1,32,107,1,3),(5489,1,32,108,1,3),(5490,1,32,109,1,3),(5491,1,32,110,1,3),(5492,1,32,111,1,3),(5493,1,32,112,1,3),(5494,1,32,113,1,3),(5495,1,32,114,1,3),(5496,1,32,115,1,3),(5497,1,32,116,1,3),(5498,1,32,117,1,3),(5499,1,32,118,1,3),(5500,1,32,119,1,3),(5501,1,32,120,1,3),(5502,1,32,121,1,3),(5503,1,32,122,1,3),(5504,1,32,123,1,3),(5505,1,32,124,1,3),(5506,1,32,125,1,3),(5507,1,32,126,1,3),(5508,1,32,127,1,3),(5509,1,32,128,1,3),(5510,1,32,129,1,3),(5511,1,32,130,1,3),(5512,1,32,131,1,3),(5513,1,32,132,1,3),(5514,1,32,133,1,3),(5515,1,32,134,1,3),(5516,1,32,135,1,3),(5517,1,32,136,1,3),(5518,1,32,137,1,3),(5519,1,32,138,1,3),(5520,1,32,139,1,3),(5521,1,32,140,1,3),(5522,1,32,141,1,3),(5523,1,32,142,1,3),(5524,1,32,143,1,3),(5525,1,32,144,1,3),(5526,1,32,145,1,3),(5527,1,32,146,1,3),(5528,1,32,147,1,3),(5529,1,32,148,1,3),(5530,1,32,149,1,3),(5531,1,32,150,1,3),(5532,1,32,151,1,3),(5533,1,32,152,1,3),(5534,1,32,153,1,3),(5535,1,32,154,1,3),(5536,1,32,155,1,3),(5537,1,32,156,1,3),(5538,1,32,157,1,3),(5539,1,32,158,1,3),(5540,1,32,159,1,3),(5541,1,32,160,1,3),(5542,1,32,161,1,3),(5543,1,32,162,1,3),(5544,1,32,163,1,3),(5545,1,32,164,1,3),(5546,1,32,165,1,3),(5547,1,32,166,1,3),(5548,1,32,167,1,3),(5549,1,32,168,1,3),(5550,1,32,169,1,3),(5551,1,32,170,1,3),(5552,1,32,171,1,3),(5553,1,32,172,1,3),(5554,1,32,173,1,3),(5555,1,32,174,1,3),(5556,1,32,175,1,3),(5557,1,32,176,1,3),(5558,1,32,177,1,3),(5559,1,32,178,1,3),(5560,1,32,179,1,3),(5561,1,32,180,1,3),(5562,1,32,181,1,3),(5563,1,32,182,1,3),(5564,1,32,183,1,3),(5565,1,32,184,1,3),(5566,1,32,185,1,3),(5567,1,32,186,1,3),(5568,1,32,187,1,3),(5569,1,32,188,1,3),(5570,1,32,189,1,3),(5571,1,32,190,1,3),(5572,1,32,191,1,3),(5573,1,32,192,1,3),(5574,1,32,193,1,3),(5575,1,32,194,1,3),(5576,1,32,195,1,3),(5577,1,32,196,1,3),(5578,1,32,197,1,3),(5579,1,32,198,1,3),(5580,1,32,199,1,3),(5581,1,32,200,1,3),(5582,1,32,201,1,3),(5583,1,32,202,1,3),(5584,1,32,203,1,3),(5585,1,32,204,1,3),(5586,1,32,205,1,3),(5587,1,32,206,1,3),(5588,1,32,207,1,3),(5589,1,32,208,1,3),(5590,1,32,209,1,3),(5591,1,32,210,1,3),(5592,1,32,211,1,3),(5593,1,32,212,1,3),(5594,1,32,213,1,3),(5595,1,32,214,1,3),(5596,1,32,215,1,3),(5597,1,32,216,1,3),(5598,1,32,217,1,3),(5599,1,32,218,1,3),(5600,1,32,219,1,3),(5601,1,32,220,1,3),(5602,1,32,221,1,3),(5603,1,32,222,1,3),(5604,2,33,1,1,1),(5605,2,33,2,1,1),(5606,2,33,3,1,1),(5607,2,33,4,1,1),(5608,2,33,5,1,1),(5609,2,33,6,1,1),(5610,2,33,7,1,1),(5611,2,33,8,1,1),(5612,2,33,9,1,1),(5613,2,33,10,1,1),(5614,2,33,11,1,1),(5615,2,33,12,1,1),(5616,2,33,13,1,1),(5617,2,33,14,1,1),(5618,2,33,15,1,1),(5619,2,33,16,1,1),(5620,2,33,17,1,1),(5621,2,33,18,1,1),(5622,2,33,19,1,1),(5623,2,33,20,1,1),(5624,2,33,21,1,1),(5625,2,33,22,1,1),(5626,2,33,23,1,1),(5627,2,33,24,1,1),(5628,2,33,25,1,1),(5629,2,33,26,1,1),(5630,2,33,27,1,1),(5631,2,33,28,1,1),(5632,2,33,29,1,1),(5633,2,33,30,1,1),(5634,2,33,31,1,2),(5635,2,33,32,1,2),(5636,2,33,33,1,2),(5637,2,33,34,1,2),(5638,2,33,35,1,2),(5639,2,33,36,1,2),(5640,2,33,37,1,2),(5641,2,33,38,1,2),(5642,2,33,39,1,2),(5643,2,33,40,1,2),(5644,2,33,41,1,2),(5645,2,33,42,1,2),(5646,2,33,43,1,2),(5647,2,33,44,1,2),(5648,2,33,45,1,2),(5649,2,33,46,1,2),(5650,2,33,47,1,2),(5651,2,33,48,1,2),(5652,2,33,49,1,2),(5653,2,33,50,1,2),(5654,2,33,51,1,2),(5655,2,33,52,1,2),(5656,2,33,53,1,2),(5657,2,33,54,1,2),(5658,2,33,55,1,2),(5659,2,33,56,1,2),(5660,2,33,57,1,2),(5661,2,33,58,1,2),(5662,2,33,59,1,2),(5663,2,33,60,1,2),(5664,2,33,61,1,2),(5665,2,33,62,1,2),(5666,2,33,63,1,2),(5667,2,33,64,1,2),(5668,2,33,65,1,2),(5669,2,33,66,1,2),(5670,2,33,67,1,2),(5671,2,33,68,1,2),(5672,2,33,69,1,2),(5673,2,33,70,1,2),(5674,2,33,71,1,2),(5675,2,33,72,1,2),(5676,2,33,73,1,2),(5677,2,33,74,1,2),(5678,2,33,75,1,2),(5679,2,33,76,1,2),(5680,2,33,77,1,2),(5681,2,33,78,1,2),(5682,2,33,79,1,2),(5683,2,33,80,1,2),(5684,2,33,81,1,2),(5685,2,33,82,1,2),(5686,2,33,83,1,2),(5687,2,33,84,1,2),(5688,2,33,85,1,2),(5689,2,33,86,1,2),(5690,2,33,87,1,2),(5691,2,33,88,1,2),(5692,2,33,89,1,2),(5693,2,33,90,1,2),(5694,2,33,91,1,3),(5695,2,33,92,1,3),(5696,2,33,93,1,3),(5697,2,33,94,1,3),(5698,2,33,95,1,3),(5699,2,33,96,1,3),(5700,2,33,97,1,3),(5701,2,33,98,1,3),(5702,2,33,99,1,3),(5703,2,33,100,1,3),(5704,2,33,101,1,3),(5705,2,33,102,1,3),(5706,2,33,103,1,3),(5707,2,33,104,1,3),(5708,2,33,105,1,3),(5709,2,33,106,1,3),(5710,2,33,107,1,3),(5711,2,33,108,1,3),(5712,2,33,109,1,3),(5713,2,33,110,1,3),(5714,2,33,111,1,3),(5715,2,33,112,1,3),(5716,2,33,113,1,3),(5717,2,33,114,1,3),(5718,2,33,115,1,3),(5719,2,33,116,1,3),(5720,2,33,117,1,3),(5721,2,33,118,1,3),(5722,2,33,119,1,3),(5723,2,33,120,1,3),(5724,2,33,121,1,3),(5725,2,33,122,1,3),(5726,2,33,123,1,3),(5727,2,33,124,1,3),(5728,2,33,125,1,3),(5729,2,33,126,1,3),(5730,2,33,127,1,3),(5731,2,33,128,1,3),(5732,2,33,129,1,3),(5733,2,33,130,1,3),(5734,2,33,131,1,3),(5735,2,33,132,1,3),(5736,2,33,133,1,3),(5737,2,33,134,1,3),(5738,2,33,135,1,3),(5739,2,33,136,1,3),(5740,2,33,137,1,3),(5741,2,33,138,1,3),(5742,2,33,139,1,3),(5743,2,33,140,1,3),(5744,2,33,141,1,3),(5745,2,33,142,1,3),(5746,2,33,143,1,3),(5747,2,33,144,1,3),(5748,2,33,145,1,3),(5749,2,33,146,1,3),(5750,2,33,147,1,3),(5751,2,33,148,1,3),(5752,2,33,149,1,3),(5753,2,33,150,1,3),(5754,2,33,151,1,3),(5755,2,33,152,1,3),(5756,2,33,153,1,3),(5757,2,33,154,1,3),(5758,2,33,155,1,3),(5759,2,33,156,1,3),(5760,2,33,157,1,3),(5761,2,33,158,1,3),(5762,2,33,159,1,3),(5763,2,33,160,1,3),(5764,2,33,161,1,3),(5765,2,33,162,1,3),(5766,2,33,163,1,3),(5767,2,33,164,1,3),(5768,2,33,165,1,3),(5769,2,33,166,1,3),(5770,2,33,167,1,3),(5771,2,33,168,1,3),(5772,2,33,169,1,3),(5773,2,33,170,1,3),(5774,2,33,171,1,3),(5775,2,33,172,1,3),(5776,2,33,173,1,3),(5777,2,33,174,1,3),(5778,2,33,175,1,3),(5779,2,33,176,1,3),(5780,2,33,177,1,3),(5781,2,33,178,1,3),(5782,2,33,179,1,3),(5783,2,33,180,1,3),(5784,2,33,181,1,3),(5785,2,33,182,1,3),(5786,2,33,183,1,3),(5787,2,33,184,1,3),(5788,2,33,185,1,3),(5789,2,33,186,1,3),(5790,2,33,187,1,3),(5791,2,33,188,1,3),(5792,2,33,189,1,3),(5793,2,33,190,1,3),(5794,2,33,191,1,3),(5795,2,33,192,1,3),(5796,2,33,193,1,3),(5797,2,33,194,1,3),(5798,2,33,195,1,3),(5799,2,33,196,1,3),(5800,2,33,197,1,3),(5801,2,33,198,1,3),(5802,2,33,199,1,3),(5803,2,33,200,1,3),(5804,2,33,201,1,3),(5805,2,33,202,1,3),(5806,2,33,203,1,3),(5807,2,33,204,1,3),(5808,2,33,205,1,3),(5809,2,33,206,1,3),(5810,2,33,207,1,3),(5811,2,33,208,1,3),(5812,2,33,209,1,3),(5813,2,33,210,1,3),(5814,2,33,211,1,3),(5815,2,33,212,1,3),(5816,2,33,213,1,3),(5817,2,33,214,1,3),(5818,2,33,215,1,3),(5819,2,33,216,1,3),(5820,2,33,217,1,3),(5821,2,33,218,1,3),(5822,2,33,219,1,3),(5823,2,33,220,1,3),(5824,2,33,221,1,3),(5825,2,33,222,1,3),(5826,2,33,223,1,3),(5827,2,33,224,1,3),(5828,2,33,225,1,3),(5829,2,33,226,1,3),(5830,2,33,227,1,3),(5831,2,33,228,1,3),(5832,2,33,229,1,3),(5833,2,33,230,1,3),(5834,2,33,231,1,3),(5835,2,33,232,1,3),(5836,2,33,233,1,3),(5837,2,33,234,1,3),(5838,2,33,235,1,3),(5839,2,33,236,1,3),(5840,2,33,237,1,3),(5841,2,33,238,1,3),(5842,2,33,239,1,3),(5843,2,33,240,1,3),(5844,3,34,1,1,1),(5845,3,34,2,1,1),(5846,3,34,3,1,1),(5847,3,34,4,1,1),(5848,3,34,5,1,1),(5849,3,34,6,1,1),(5850,3,34,7,1,1),(5851,3,34,8,1,1),(5852,3,34,9,1,1),(5853,3,34,10,1,1),(5854,3,34,11,1,1),(5855,3,34,12,1,1),(5856,3,34,13,1,1),(5857,3,34,14,1,1),(5858,3,34,15,1,1),(5859,3,34,16,1,1),(5860,3,34,17,1,1),(5861,3,34,18,1,1),(5862,3,34,19,1,1),(5863,3,34,20,1,1),(5864,3,34,21,1,1),(5865,3,34,22,1,1),(5866,3,34,23,1,1),(5867,3,34,24,1,1),(5868,3,34,25,1,1),(5869,3,34,26,1,1),(5870,3,34,27,1,1),(5871,3,34,28,1,1),(5872,3,34,29,1,1),(5873,3,34,30,1,1),(5874,3,34,31,1,2),(5875,3,34,32,1,2),(5876,3,34,33,1,2),(5877,3,34,34,1,2),(5878,3,34,35,1,2),(5879,3,34,36,1,2),(5880,3,34,37,1,2),(5881,3,34,38,1,2),(5882,3,34,39,1,2),(5883,3,34,40,1,2),(5884,3,34,41,1,2),(5885,3,34,42,1,2),(5886,3,34,43,1,2),(5887,3,34,44,1,2),(5888,3,34,45,1,2),(5889,3,34,46,1,2),(5890,3,34,47,1,2),(5891,3,34,48,1,2),(5892,3,34,49,1,2),(5893,3,34,50,1,2),(5894,3,34,51,1,2),(5895,3,34,52,1,2),(5896,3,34,53,1,2),(5897,3,34,54,1,2),(5898,3,34,55,1,2),(5899,3,34,56,1,2),(5900,3,34,57,1,2),(5901,3,34,58,1,2),(5902,3,34,59,1,2),(5903,3,34,60,1,2),(5904,3,34,61,1,2),(5905,3,34,62,1,2),(5906,3,34,63,1,2),(5907,3,34,64,1,2),(5908,3,34,65,1,2),(5909,3,34,66,1,2),(5910,3,34,67,1,2),(5911,3,34,68,1,2),(5912,3,34,69,1,2),(5913,3,34,70,1,2),(5914,3,34,71,1,2),(5915,3,34,72,1,2),(5916,3,34,73,1,2),(5917,3,34,74,1,2),(5918,3,34,75,1,2),(5919,3,34,76,1,2),(5920,3,34,77,1,2),(5921,3,34,78,1,2),(5922,3,34,79,1,2),(5923,3,34,80,1,2),(5924,3,34,81,1,2),(5925,3,34,82,1,2),(5926,3,34,83,1,2),(5927,3,34,84,1,2),(5928,3,34,85,1,2),(5929,3,34,86,1,2),(5930,3,34,87,1,2),(5931,3,34,88,1,2),(5932,3,34,89,1,2),(5933,3,34,90,1,2),(5934,3,34,91,1,3),(5935,3,34,92,1,3),(5936,3,34,93,1,3),(5937,3,34,94,1,3),(5938,3,34,95,1,3),(5939,3,34,96,1,3),(5940,3,34,97,1,3),(5941,3,34,98,1,3),(5942,3,34,99,1,3),(5943,3,34,100,1,3),(5944,3,34,101,1,3),(5945,3,34,102,1,3),(5946,3,34,103,1,3),(5947,3,34,104,1,3),(5948,3,34,105,1,3),(5949,3,34,106,1,3),(5950,3,34,107,1,3),(5951,3,34,108,1,3),(5952,3,34,109,1,3),(5953,3,34,110,1,3),(5954,3,34,111,1,3),(5955,3,34,112,1,3),(5956,3,34,113,1,3),(5957,3,34,114,1,3),(5958,3,34,115,1,3),(5959,3,34,116,1,3),(5960,3,34,117,1,3),(5961,3,34,118,1,3),(5962,3,34,119,1,3),(5963,3,34,120,1,3),(5964,3,34,121,1,3),(5965,3,34,122,1,3),(5966,3,34,123,1,3),(5967,3,34,124,1,3),(5968,3,34,125,1,3),(5969,3,34,126,1,3),(5970,3,34,127,1,3),(5971,3,34,128,1,3),(5972,3,34,129,1,3),(5973,3,34,130,1,3),(5974,3,34,131,1,3),(5975,3,34,132,1,3),(5976,3,34,133,1,3),(5977,3,34,134,1,3),(5978,3,34,135,1,3),(5979,3,34,136,1,3),(5980,3,34,137,1,3),(5981,3,34,138,1,3),(5982,3,34,139,1,3),(5983,3,34,140,1,3),(5984,3,34,141,1,3),(5985,3,34,142,1,3),(5986,3,34,143,1,3),(5987,3,34,144,1,3),(5988,3,34,145,1,3),(5989,3,34,146,1,3),(5990,3,34,147,1,3),(5991,3,34,148,1,3),(5992,3,34,149,1,3),(5993,3,34,150,1,3),(5994,3,34,151,1,3),(5995,3,34,152,1,3),(5996,3,34,153,1,3),(5997,3,34,154,1,3),(5998,3,34,155,1,3),(5999,3,34,156,1,3),(6000,3,34,157,1,3),(6001,3,34,158,1,3),(6002,3,34,159,1,3),(6003,3,34,160,1,3),(6004,3,34,161,1,3),(6005,3,34,162,1,3),(6006,3,34,163,1,3),(6007,3,34,164,1,3),(6008,3,34,165,1,3),(6009,3,34,166,1,3),(6010,3,34,167,1,3),(6011,3,34,168,1,3),(6012,3,34,169,1,3),(6013,3,34,170,1,3),(6014,3,34,171,1,3),(6015,3,34,172,1,3),(6016,3,34,173,1,3),(6017,3,34,174,1,3),(6018,3,34,175,1,3),(6019,3,34,176,1,3),(6020,3,34,177,1,3),(6021,3,34,178,1,3),(6022,3,34,179,1,3),(6023,3,34,180,1,3),(6024,3,34,181,1,3),(6025,3,34,182,1,3),(6026,3,34,183,1,3),(6027,3,34,184,1,3),(6028,3,34,185,1,3),(6029,3,34,186,1,3),(6030,3,34,187,1,3),(6031,3,34,188,1,3),(6032,3,34,189,1,3),(6033,3,34,190,1,3),(6034,3,34,191,1,3),(6035,3,34,192,1,3),(6036,3,34,193,1,3),(6037,3,34,194,1,3),(6038,3,34,195,1,3),(6039,3,34,196,1,3),(6040,3,34,197,1,3),(6041,3,34,198,1,3),(6042,3,34,199,1,3),(6043,3,34,200,1,3),(6044,3,34,201,1,3),(6045,3,34,202,1,3),(6046,3,34,203,1,3),(6047,3,34,204,1,3),(6048,3,34,205,1,3),(6049,3,34,206,1,3),(6050,3,34,207,1,3),(6051,3,34,208,1,3),(6052,3,34,209,1,3),(6053,3,34,210,1,3),(6054,3,34,211,1,3),(6055,3,34,212,1,3),(6056,3,34,213,1,3),(6057,3,34,214,1,3),(6058,3,34,215,1,3),(6059,3,34,216,1,3),(6060,3,34,217,1,3),(6061,3,34,218,1,3),(6062,3,34,219,1,3),(6063,3,34,220,1,3),(6064,3,34,221,1,3),(6065,3,34,222,1,3),(6066,3,34,223,1,3),(6067,3,34,224,1,3),(6068,3,34,225,1,3),(6069,3,34,226,1,3),(6070,3,34,227,1,3),(6071,3,34,228,1,3),(6072,1,35,1,1,1),(6073,1,35,2,1,1),(6074,1,35,3,1,1),(6075,1,35,4,1,1),(6076,1,35,5,1,1),(6077,1,35,6,1,1),(6078,1,35,7,1,1),(6079,1,35,8,1,1),(6080,1,35,9,1,1),(6081,1,35,10,1,1),(6082,1,35,11,1,1),(6083,1,35,12,1,1),(6084,1,35,13,1,1),(6085,1,35,14,1,1),(6086,1,35,15,1,1),(6087,1,35,16,1,1),(6088,1,35,17,1,1),(6089,1,35,18,1,1),(6090,1,35,19,1,1),(6091,1,35,20,1,1),(6092,1,35,21,1,1),(6093,1,35,22,1,1),(6094,1,35,23,1,1),(6095,1,35,24,1,1),(6096,1,35,25,1,1),(6097,1,35,26,1,1),(6098,1,35,27,1,1),(6099,1,35,28,1,1),(6100,1,35,29,1,1),(6101,1,35,30,1,1),(6102,1,35,31,1,2),(6103,1,35,32,1,2),(6104,1,35,33,1,2),(6105,1,35,34,1,2),(6106,1,35,35,1,2),(6107,1,35,36,1,2),(6108,1,35,37,1,2),(6109,1,35,38,1,2),(6110,1,35,39,1,2),(6111,1,35,40,1,2),(6112,1,35,41,1,2),(6113,1,35,42,1,2),(6114,1,35,43,1,2),(6115,1,35,44,1,2),(6116,1,35,45,1,2),(6117,1,35,46,1,2),(6118,1,35,47,1,2),(6119,1,35,48,1,2),(6120,1,35,49,1,2),(6121,1,35,50,1,2),(6122,1,35,51,1,2),(6123,1,35,52,1,2),(6124,1,35,53,1,2),(6125,1,35,54,1,2),(6126,1,35,55,1,2),(6127,1,35,56,1,2),(6128,1,35,57,1,2),(6129,1,35,58,1,2),(6130,1,35,59,1,2),(6131,1,35,60,1,2),(6132,1,35,61,1,2),(6133,1,35,62,1,2),(6134,1,35,63,1,2),(6135,1,35,64,1,2),(6136,1,35,65,1,2),(6137,1,35,66,1,2),(6138,1,35,67,1,2),(6139,1,35,68,1,2),(6140,1,35,69,1,2),(6141,1,35,70,1,2),(6142,1,35,71,1,2),(6143,1,35,72,1,2),(6144,1,35,73,1,2),(6145,1,35,74,1,2),(6146,1,35,75,1,2),(6147,1,35,76,1,2),(6148,1,35,77,1,2),(6149,1,35,78,1,2),(6150,1,35,79,1,2),(6151,1,35,80,1,2),(6152,1,35,81,1,2),(6153,1,35,82,1,2),(6154,1,35,83,1,2),(6155,1,35,84,1,2),(6156,1,35,85,1,2),(6157,1,35,86,1,2),(6158,1,35,87,1,2),(6159,1,35,88,1,2),(6160,1,35,89,1,2),(6161,1,35,90,1,2),(6162,1,35,91,1,3),(6163,1,35,92,1,3),(6164,1,35,93,1,3),(6165,1,35,94,1,3),(6166,1,35,95,1,3),(6167,1,35,96,1,3),(6168,1,35,97,1,3),(6169,1,35,98,1,3),(6170,1,35,99,1,3),(6171,1,35,100,1,3),(6172,1,35,101,1,3),(6173,1,35,102,1,3),(6174,1,35,103,1,3),(6175,1,35,104,1,3),(6176,1,35,105,1,3),(6177,1,35,106,1,3),(6178,1,35,107,1,3),(6179,1,35,108,1,3),(6180,1,35,109,1,3),(6181,1,35,110,1,3),(6182,1,35,111,1,3),(6183,1,35,112,1,3),(6184,1,35,113,1,3),(6185,1,35,114,1,3),(6186,1,35,115,1,3),(6187,1,35,116,1,3),(6188,1,35,117,1,3),(6189,1,35,118,1,3),(6190,1,35,119,1,3),(6191,1,35,120,1,3),(6192,1,35,121,1,3),(6193,1,35,122,1,3),(6194,1,35,123,1,3),(6195,1,35,124,1,3),(6196,1,35,125,1,3),(6197,1,35,126,1,3),(6198,1,35,127,1,3),(6199,1,35,128,1,3),(6200,1,35,129,1,3),(6201,1,35,130,1,3),(6202,1,35,131,1,3),(6203,1,35,132,1,3),(6204,1,35,133,1,3),(6205,1,35,134,1,3),(6206,1,35,135,1,3),(6207,1,35,136,1,3),(6208,1,35,137,1,3),(6209,1,35,138,1,3),(6210,1,35,139,1,3),(6211,1,35,140,1,3),(6212,1,35,141,1,3),(6213,1,35,142,1,3),(6214,1,35,143,1,3),(6215,1,35,144,1,3),(6216,1,35,145,1,3),(6217,1,35,146,1,3),(6218,1,35,147,1,3),(6219,1,35,148,1,3),(6220,1,35,149,1,3),(6221,1,35,150,1,3),(6222,1,35,151,1,3),(6223,1,35,152,1,3),(6224,1,35,153,1,3),(6225,1,35,154,1,3),(6226,1,35,155,1,3),(6227,1,35,156,1,3),(6228,1,35,157,1,3),(6229,1,35,158,1,3),(6230,1,35,159,1,3),(6231,1,35,160,1,3),(6232,1,35,161,1,3),(6233,1,35,162,1,3),(6234,1,35,163,1,3),(6235,1,35,164,1,3),(6236,1,35,165,1,3),(6237,1,35,166,1,3),(6238,1,35,167,1,3),(6239,1,35,168,1,3),(6240,1,35,169,1,3),(6241,1,35,170,1,3),(6242,1,35,171,1,3),(6243,1,35,172,1,3),(6244,1,35,173,1,3),(6245,1,35,174,1,3),(6246,1,35,175,1,3),(6247,1,35,176,1,3),(6248,1,35,177,1,3),(6249,1,35,178,1,3),(6250,1,35,179,1,3),(6251,1,35,180,1,3),(6252,1,35,181,1,3),(6253,1,35,182,1,3),(6254,1,35,183,1,3),(6255,1,35,184,1,3),(6256,1,35,185,1,3),(6257,1,35,186,1,3),(6258,1,35,187,1,3),(6259,1,35,188,1,3),(6260,1,35,189,1,3),(6261,1,35,190,1,3),(6262,1,35,191,1,3),(6263,1,35,192,1,3),(6264,1,35,193,1,3),(6265,1,35,194,1,3),(6266,1,35,195,1,3),(6267,1,35,196,1,3),(6268,1,35,197,1,3),(6269,1,35,198,1,3),(6270,1,35,199,1,3),(6271,1,35,200,1,3),(6272,1,35,201,1,3),(6273,1,35,202,1,3),(6274,1,35,203,1,3),(6275,1,35,204,1,3),(6276,1,35,205,1,3),(6277,1,35,206,1,3),(6278,1,35,207,1,3),(6279,1,35,208,1,3),(6280,1,35,209,1,3),(6281,1,35,210,1,3),(6282,1,35,211,1,3),(6283,1,35,212,1,3),(6284,1,35,213,1,3),(6285,1,35,214,1,3),(6286,1,35,215,1,3),(6287,1,35,216,1,3),(6288,1,35,217,1,3),(6289,1,35,218,1,3),(6290,1,35,219,1,3),(6291,1,35,220,1,3),(6292,1,35,221,1,3),(6293,1,35,222,1,3),(6294,2,36,1,1,1),(6295,2,36,2,1,1),(6296,2,36,3,1,1),(6297,2,36,4,1,1),(6298,2,36,5,1,1),(6299,2,36,6,1,1),(6300,2,36,7,1,1),(6301,2,36,8,1,1),(6302,2,36,9,1,1),(6303,2,36,10,1,1),(6304,2,36,11,1,1),(6305,2,36,12,1,1),(6306,2,36,13,1,1),(6307,2,36,14,1,1),(6308,2,36,15,1,1),(6309,2,36,16,1,1),(6310,2,36,17,1,1),(6311,2,36,18,1,1),(6312,2,36,19,1,1),(6313,2,36,20,1,1),(6314,2,36,21,1,1),(6315,2,36,22,1,1),(6316,2,36,23,1,1),(6317,2,36,24,1,1),(6318,2,36,25,1,1),(6319,2,36,26,1,1),(6320,2,36,27,1,1),(6321,2,36,28,1,1),(6322,2,36,29,1,1),(6323,2,36,30,1,1),(6324,2,36,31,1,2),(6325,2,36,32,1,2),(6326,2,36,33,1,2),(6327,2,36,34,1,2),(6328,2,36,35,1,2),(6329,2,36,36,1,2),(6330,2,36,37,1,2),(6331,2,36,38,1,2),(6332,2,36,39,1,2),(6333,2,36,40,1,2),(6334,2,36,41,1,2),(6335,2,36,42,1,2),(6336,2,36,43,1,2),(6337,2,36,44,1,2),(6338,2,36,45,1,2),(6339,2,36,46,1,2),(6340,2,36,47,1,2),(6341,2,36,48,1,2),(6342,2,36,49,1,2),(6343,2,36,50,1,2),(6344,2,36,51,1,2),(6345,2,36,52,1,2),(6346,2,36,53,1,2),(6347,2,36,54,1,2),(6348,2,36,55,1,2),(6349,2,36,56,1,2),(6350,2,36,57,1,2),(6351,2,36,58,1,2),(6352,2,36,59,1,2),(6353,2,36,60,1,2),(6354,2,36,61,1,2),(6355,2,36,62,1,2),(6356,2,36,63,1,2),(6357,2,36,64,1,2),(6358,2,36,65,1,2),(6359,2,36,66,1,2),(6360,2,36,67,1,2),(6361,2,36,68,1,2),(6362,2,36,69,1,2),(6363,2,36,70,1,2),(6364,2,36,71,1,2),(6365,2,36,72,1,2),(6366,2,36,73,1,2),(6367,2,36,74,1,2),(6368,2,36,75,1,2),(6369,2,36,76,1,2),(6370,2,36,77,1,2),(6371,2,36,78,1,2),(6372,2,36,79,1,2),(6373,2,36,80,1,2),(6374,2,36,81,1,2),(6375,2,36,82,1,2),(6376,2,36,83,1,2),(6377,2,36,84,1,2),(6378,2,36,85,1,2),(6379,2,36,86,1,2),(6380,2,36,87,1,2),(6381,2,36,88,1,2),(6382,2,36,89,1,2),(6383,2,36,90,1,2),(6384,2,36,91,1,3),(6385,2,36,92,1,3),(6386,2,36,93,1,3),(6387,2,36,94,1,3),(6388,2,36,95,1,3),(6389,2,36,96,1,3),(6390,2,36,97,1,3),(6391,2,36,98,1,3),(6392,2,36,99,1,3),(6393,2,36,100,1,3),(6394,2,36,101,1,3),(6395,2,36,102,1,3),(6396,2,36,103,1,3),(6397,2,36,104,1,3),(6398,2,36,105,1,3),(6399,2,36,106,1,3),(6400,2,36,107,1,3),(6401,2,36,108,1,3),(6402,2,36,109,1,3),(6403,2,36,110,1,3),(6404,2,36,111,1,3),(6405,2,36,112,1,3),(6406,2,36,113,1,3),(6407,2,36,114,1,3),(6408,2,36,115,1,3),(6409,2,36,116,1,3),(6410,2,36,117,1,3),(6411,2,36,118,1,3),(6412,2,36,119,1,3),(6413,2,36,120,1,3),(6414,2,36,121,1,3),(6415,2,36,122,1,3),(6416,2,36,123,1,3),(6417,2,36,124,1,3),(6418,2,36,125,1,3),(6419,2,36,126,1,3),(6420,2,36,127,1,3),(6421,2,36,128,1,3),(6422,2,36,129,1,3),(6423,2,36,130,1,3),(6424,2,36,131,1,3),(6425,2,36,132,1,3),(6426,2,36,133,1,3),(6427,2,36,134,1,3),(6428,2,36,135,1,3),(6429,2,36,136,1,3),(6430,2,36,137,1,3),(6431,2,36,138,1,3),(6432,2,36,139,1,3),(6433,2,36,140,1,3),(6434,2,36,141,1,3),(6435,2,36,142,1,3),(6436,2,36,143,1,3),(6437,2,36,144,1,3),(6438,2,36,145,1,3),(6439,2,36,146,1,3),(6440,2,36,147,1,3),(6441,2,36,148,1,3),(6442,2,36,149,1,3),(6443,2,36,150,1,3),(6444,2,36,151,1,3),(6445,2,36,152,1,3),(6446,2,36,153,1,3),(6447,2,36,154,1,3),(6448,2,36,155,1,3),(6449,2,36,156,1,3),(6450,2,36,157,1,3),(6451,2,36,158,1,3),(6452,2,36,159,1,3),(6453,2,36,160,1,3),(6454,2,36,161,1,3),(6455,2,36,162,1,3),(6456,2,36,163,1,3),(6457,2,36,164,1,3),(6458,2,36,165,1,3),(6459,2,36,166,1,3),(6460,2,36,167,1,3),(6461,2,36,168,1,3),(6462,2,36,169,1,3),(6463,2,36,170,1,3),(6464,2,36,171,1,3),(6465,2,36,172,1,3),(6466,2,36,173,1,3),(6467,2,36,174,1,3),(6468,2,36,175,1,3),(6469,2,36,176,1,3),(6470,2,36,177,1,3),(6471,2,36,178,1,3),(6472,2,36,179,1,3),(6473,2,36,180,1,3),(6474,2,36,181,1,3),(6475,2,36,182,1,3),(6476,2,36,183,1,3),(6477,2,36,184,1,3),(6478,2,36,185,1,3),(6479,2,36,186,1,3),(6480,2,36,187,1,3),(6481,2,36,188,1,3),(6482,2,36,189,1,3),(6483,2,36,190,1,3),(6484,2,36,191,1,3),(6485,2,36,192,1,3),(6486,2,36,193,1,3),(6487,2,36,194,1,3),(6488,2,36,195,1,3),(6489,2,36,196,1,3),(6490,2,36,197,1,3),(6491,2,36,198,1,3),(6492,2,36,199,1,3),(6493,2,36,200,1,3),(6494,2,36,201,1,3),(6495,2,36,202,1,3),(6496,2,36,203,1,3),(6497,2,36,204,1,3),(6498,2,36,205,1,3),(6499,2,36,206,1,3),(6500,2,36,207,1,3),(6501,2,36,208,1,3),(6502,2,36,209,1,3),(6503,2,36,210,1,3),(6504,2,36,211,1,3),(6505,2,36,212,1,3),(6506,2,36,213,1,3),(6507,2,36,214,1,3),(6508,2,36,215,1,3),(6509,2,36,216,1,3),(6510,2,36,217,1,3),(6511,2,36,218,1,3),(6512,2,36,219,1,3),(6513,2,36,220,1,3),(6514,2,36,221,1,3),(6515,2,36,222,1,3),(6516,2,36,223,1,3),(6517,2,36,224,1,3),(6518,2,36,225,1,3),(6519,2,36,226,1,3),(6520,2,36,227,1,3),(6521,2,36,228,1,3),(6522,2,36,229,1,3),(6523,2,36,230,1,3),(6524,2,36,231,1,3),(6525,2,36,232,1,3),(6526,2,36,233,1,3),(6527,2,36,234,1,3),(6528,2,36,235,1,3),(6529,2,36,236,1,3),(6530,2,36,237,1,3),(6531,2,36,238,1,3),(6532,2,36,239,1,3),(6533,2,36,240,1,3),(6534,3,37,1,1,1),(6535,3,37,2,1,1),(6536,3,37,3,1,1),(6537,3,37,4,1,1),(6538,3,37,5,1,1),(6539,3,37,6,1,1),(6540,3,37,7,1,1),(6541,3,37,8,1,1),(6542,3,37,9,1,1),(6543,3,37,10,1,1),(6544,3,37,11,1,1),(6545,3,37,12,1,1),(6546,3,37,13,1,1),(6547,3,37,14,1,1),(6548,3,37,15,1,1),(6549,3,37,16,1,1),(6550,3,37,17,1,1),(6551,3,37,18,1,1),(6552,3,37,19,1,1),(6553,3,37,20,1,1),(6554,3,37,21,1,1),(6555,3,37,22,1,1),(6556,3,37,23,1,1),(6557,3,37,24,1,1),(6558,3,37,25,1,1),(6559,3,37,26,1,1),(6560,3,37,27,1,1),(6561,3,37,28,1,1),(6562,3,37,29,1,1),(6563,3,37,30,1,1),(6564,3,37,31,1,2),(6565,3,37,32,1,2),(6566,3,37,33,1,2),(6567,3,37,34,1,2),(6568,3,37,35,1,2),(6569,3,37,36,1,2),(6570,3,37,37,1,2),(6571,3,37,38,1,2),(6572,3,37,39,1,2),(6573,3,37,40,1,2),(6574,3,37,41,1,2),(6575,3,37,42,1,2),(6576,3,37,43,1,2),(6577,3,37,44,1,2),(6578,3,37,45,1,2),(6579,3,37,46,1,2),(6580,3,37,47,1,2),(6581,3,37,48,1,2),(6582,3,37,49,1,2),(6583,3,37,50,1,2),(6584,3,37,51,1,2),(6585,3,37,52,1,2),(6586,3,37,53,1,2),(6587,3,37,54,1,2),(6588,3,37,55,1,2),(6589,3,37,56,1,2),(6590,3,37,57,1,2),(6591,3,37,58,1,2),(6592,3,37,59,1,2),(6593,3,37,60,1,2),(6594,3,37,61,1,2),(6595,3,37,62,1,2),(6596,3,37,63,1,2),(6597,3,37,64,1,2),(6598,3,37,65,1,2),(6599,3,37,66,1,2),(6600,3,37,67,1,2),(6601,3,37,68,1,2),(6602,3,37,69,1,2),(6603,3,37,70,1,2),(6604,3,37,71,1,2),(6605,3,37,72,1,2),(6606,3,37,73,1,2),(6607,3,37,74,1,2),(6608,3,37,75,1,2),(6609,3,37,76,1,2),(6610,3,37,77,1,2),(6611,3,37,78,1,2),(6612,3,37,79,1,2),(6613,3,37,80,1,2),(6614,3,37,81,1,2),(6615,3,37,82,1,2),(6616,3,37,83,1,2),(6617,3,37,84,1,2),(6618,3,37,85,1,2),(6619,3,37,86,1,2),(6620,3,37,87,1,2),(6621,3,37,88,1,2),(6622,3,37,89,1,2),(6623,3,37,90,1,2),(6624,3,37,91,1,3),(6625,3,37,92,1,3),(6626,3,37,93,1,3),(6627,3,37,94,1,3),(6628,3,37,95,1,3),(6629,3,37,96,1,3),(6630,3,37,97,1,3),(6631,3,37,98,1,3),(6632,3,37,99,1,3),(6633,3,37,100,1,3),(6634,3,37,101,1,3),(6635,3,37,102,1,3),(6636,3,37,103,1,3),(6637,3,37,104,1,3),(6638,3,37,105,1,3),(6639,3,37,106,1,3),(6640,3,37,107,1,3),(6641,3,37,108,1,3),(6642,3,37,109,1,3),(6643,3,37,110,1,3),(6644,3,37,111,1,3),(6645,3,37,112,1,3),(6646,3,37,113,1,3),(6647,3,37,114,1,3),(6648,3,37,115,1,3),(6649,3,37,116,1,3),(6650,3,37,117,1,3),(6651,3,37,118,1,3),(6652,3,37,119,1,3),(6653,3,37,120,1,3),(6654,3,37,121,1,3),(6655,3,37,122,1,3),(6656,3,37,123,1,3),(6657,3,37,124,1,3),(6658,3,37,125,1,3),(6659,3,37,126,1,3),(6660,3,37,127,1,3),(6661,3,37,128,1,3),(6662,3,37,129,1,3),(6663,3,37,130,1,3),(6664,3,37,131,1,3),(6665,3,37,132,1,3),(6666,3,37,133,1,3),(6667,3,37,134,1,3),(6668,3,37,135,1,3),(6669,3,37,136,1,3),(6670,3,37,137,1,3),(6671,3,37,138,1,3),(6672,3,37,139,1,3),(6673,3,37,140,1,3),(6674,3,37,141,1,3),(6675,3,37,142,1,3),(6676,3,37,143,1,3),(6677,3,37,144,1,3),(6678,3,37,145,1,3),(6679,3,37,146,1,3),(6680,3,37,147,1,3),(6681,3,37,148,1,3),(6682,3,37,149,1,3),(6683,3,37,150,1,3),(6684,3,37,151,1,3),(6685,3,37,152,1,3),(6686,3,37,153,1,3),(6687,3,37,154,1,3),(6688,3,37,155,1,3),(6689,3,37,156,1,3),(6690,3,37,157,1,3),(6691,3,37,158,1,3),(6692,3,37,159,1,3),(6693,3,37,160,1,3),(6694,3,37,161,1,3),(6695,3,37,162,1,3),(6696,3,37,163,1,3),(6697,3,37,164,1,3),(6698,3,37,165,1,3),(6699,3,37,166,1,3),(6700,3,37,167,1,3),(6701,3,37,168,1,3),(6702,3,37,169,1,3),(6703,3,37,170,1,3),(6704,3,37,171,1,3),(6705,3,37,172,1,3),(6706,3,37,173,1,3),(6707,3,37,174,1,3),(6708,3,37,175,1,3),(6709,3,37,176,1,3),(6710,3,37,177,1,3),(6711,3,37,178,1,3),(6712,3,37,179,1,3),(6713,3,37,180,1,3),(6714,3,37,181,1,3),(6715,3,37,182,1,3),(6716,3,37,183,1,3),(6717,3,37,184,1,3),(6718,3,37,185,1,3),(6719,3,37,186,1,3),(6720,3,37,187,1,3),(6721,3,37,188,1,3),(6722,3,37,189,1,3),(6723,3,37,190,1,3),(6724,3,37,191,1,3),(6725,3,37,192,1,3),(6726,3,37,193,1,3),(6727,3,37,194,1,3),(6728,3,37,195,1,3),(6729,3,37,196,1,3),(6730,3,37,197,1,3),(6731,3,37,198,1,3),(6732,3,37,199,1,3),(6733,3,37,200,1,3),(6734,3,37,201,1,3),(6735,3,37,202,1,3),(6736,3,37,203,1,3),(6737,3,37,204,1,3),(6738,3,37,205,1,3),(6739,3,37,206,1,3),(6740,3,37,207,1,3),(6741,3,37,208,1,3),(6742,3,37,209,1,3),(6743,3,37,210,1,3),(6744,3,37,211,1,3),(6745,3,37,212,1,3),(6746,3,37,213,1,3),(6747,3,37,214,1,3),(6748,3,37,215,1,3),(6749,3,37,216,1,3),(6750,3,37,217,1,3),(6751,3,37,218,1,3),(6752,3,37,219,1,3),(6753,3,37,220,1,3),(6754,3,37,221,1,3),(6755,3,37,222,1,3),(6756,3,37,223,1,3),(6757,3,37,224,1,3),(6758,3,37,225,1,3),(6759,3,37,226,1,3),(6760,3,37,227,1,3),(6761,3,37,228,1,3);
/*!40000 ALTER TABLE `aircraft_seat` ENABLE KEYS */;
UNLOCK TABLES;

--
-- Table structure for table `airline`
--

DROP TABLE IF EXISTS `airline`;
/*!40101 SET @saved_cs_client     = @@character_set_client */;
/*!50503 SET character_set_client = utf8mb4 */;
CREATE TABLE `airline` (
  `id` int NOT NULL AUTO_INCREMENT,
  `name` varchar(255) DEFAULT NULL,
  PRIMARY KEY (`id`)
) ENGINE=InnoDB AUTO_INCREMENT=5 DEFAULT CHARSET=utf8mb4 COLLATE=utf8mb4_0900_ai_ci;
/*!40101 SET character_set_client = @saved_cs_client */;

--
-- Dumping data for table `airline`
--

LOCK TABLES `airline` WRITE;
/*!40000 ALTER TABLE `airline` DISABLE KEYS */;
INSERT INTO `airline` VALUES (1,'VietName Airline'),(2,'VietJet'),(3,'JetStar'),(4,'Bamboo');
/*!40000 ALTER TABLE `airline` ENABLE KEYS */;
UNLOCK TABLES;

--
-- Table structure for table `airport`
--

DROP TABLE IF EXISTS `airport`;
/*!40101 SET @saved_cs_client     = @@character_set_client */;
/*!50503 SET character_set_client = utf8mb4 */;
CREATE TABLE `airport` (
  `id` int NOT NULL AUTO_INCREMENT,
  `name` varchar(255) DEFAULT NULL,
  `city_id` int DEFAULT NULL,
  PRIMARY KEY (`id`),
  KEY `FKf583ieaw0ttnwklqy222tfru0` (`city_id`),
  CONSTRAINT `FKf583ieaw0ttnwklqy222tfru0` FOREIGN KEY (`city_id`) REFERENCES `city` (`id`)
) ENGINE=InnoDB AUTO_INCREMENT=9 DEFAULT CHARSET=utf8mb4 COLLATE=utf8mb4_0900_ai_ci;
/*!40101 SET character_set_client = @saved_cs_client */;

--
-- Dumping data for table `airport`
--

LOCK TABLES `airport` WRITE;
/*!40000 ALTER TABLE `airport` DISABLE KEYS */;
INSERT INTO `airport` VALUES (1,'DAD',1),(2,'HAN',2),(3,'HCM',3),(4,'HUE',4),(5,'BAG',5),(6,'DLA',6);
/*!40000 ALTER TABLE `airport` ENABLE KEYS */;
UNLOCK TABLES;

--
-- Table structure for table `booking`
--

DROP TABLE IF EXISTS `booking`;
/*!40101 SET @saved_cs_client     = @@character_set_client */;
/*!50503 SET character_set_client = utf8mb4 */;
CREATE TABLE `booking` (
  `id` int NOT NULL AUTO_INCREMENT,
  `address` varchar(255) DEFAULT NULL,
  `birthday` date DEFAULT NULL,
  `email` varchar(255) DEFAULT NULL,
  `fullName` varchar(255) DEFAULT NULL,
  `gender` varchar(255) DEFAULT NULL,
  `phone` varchar(255) DEFAULT NULL,
  `bookingDate` date DEFAULT NULL,
  `bookingNumber` varchar(255) DEFAULT NULL,
  `bookingStatus` varchar(255) DEFAULT NULL,
  PRIMARY KEY (`id`)
) ENGINE=InnoDB AUTO_INCREMENT=22 DEFAULT CHARSET=utf8mb4 COLLATE=utf8mb4_0900_ai_ci;
/*!40101 SET character_set_client = @saved_cs_client */;

--
-- Dumping data for table `booking`
--

LOCK TABLES `booking` WRITE;
/*!40000 ALTER TABLE `booking` DISABLE KEYS */;
INSERT INTO `booking` VALUES (1,'Da Nang','2021-11-30','nguyenvodang181296@gmail.com','Nguyen Vo Dang','MALE','0359164808','2021-12-02',NULL,'BOOKED'),(3,'Da Nang','2021-12-01','nguyenvodang181296@gmail.com','Nguyen Vo Dang','MALE','0359164808','2021-12-02',NULL,'BOOKED'),(5,'Da Nang','2021-12-01','nguyenvodang181296@gmail.com','Nguyen Vo Dang 2','MALE','0359164808','2021-12-02',NULL,'BOOKED'),(7,'Da Nang','2021-12-01','nguyenvodang181296@gmail.com','Nguyen Vo Dang','MALE','0359164808','2021-12-02',NULL,'BOOKED'),(8,'Da Nang','2021-12-01','nguyenvodang181296@gmail.com','Nguyen Vo Dang','MALE','0359164808','2021-12-02',NULL,'BOOKED'),(9,'Da Nang','2021-12-01','nguyenvodang181296@gmail.com','Nguyen Vo Dang','MALE','0359164808','2021-12-02',NULL,'BOOKED'),(10,'Da Nang','2021-12-01','nguyenvodang181296@gmail.com','Nguyen Vo Dang','MALE','0359164808','2021-12-02',NULL,'BOOKED'),(11,'Da Nang','2021-11-30','nguyenvodang181296@gmail.com','Nguyen Vo Dang','MALE','0359164808','2021-12-02',NULL,'BOOKED'),(12,'Da Nang','2021-11-30','nguyenvodang181296@gmail.com','Nguyen Vo Dang','MALE','0359164808','2021-12-02',NULL,'BOOKED'),(13,'Da Nang','2021-12-02','nguyenvodang181296@gmail.com','Nguyen Vo Dang','MALE','0359164808','2021-12-03',NULL,'BOOKED'),(14,'Da Nang','2021-12-02','nguyenvodang181296@gmail.com','Nguyen Vo Dang','MALE','03594946777','2021-12-03',NULL,'BOOKED'),(15,'Da Nang','2021-12-02','nguyenvodang181296@gmail.com','Nguyen Vo Dang','MALE','0359164808','2021-12-03',NULL,'BOOKED'),(16,'Da Nang','1996-12-18','nguyenvodang181296@gmail.com','Nguyen Vo Dang','MALE','0359164808','2021-12-03',NULL,'BOOKED'),(17,'Da Nang','1996-12-18','nguyenvodang181296@gmail.com','Nguyen Vo Dang','MALE','0359164808','2021-12-04',NULL,'BOOKED'),(18,'Da Nang','1996-12-18','nguyenvodang181296@gmail.com','Nguyen Vo Dang','MALE','0359164808','2021-12-04',NULL,'BOOKED'),(19,'Da Nang','1996-12-18','nguyenvodang181296@gmail.com','Nguyen Vo Dang','MALE','0359164808','2021-12-04',NULL,'BOOKED'),(20,'Da Nang','1996-12-18','nguyenvodang181296@gmail.com','Nguyen Vo Dang','MALE','0359164808','2021-12-04',NULL,'BOOKED'),(21,'Da Nang','1996-12-18','nguyenvodang181296@gmail.com','Nguyen Vo Dang','MALE','0359164808','2021-12-04',NULL,'BOOKED');
/*!40000 ALTER TABLE `booking` ENABLE KEYS */;
UNLOCK TABLES;

--
-- Table structure for table `booking_detail`
--

DROP TABLE IF EXISTS `booking_detail`;
/*!40101 SET @saved_cs_client     = @@character_set_client */;
/*!50503 SET character_set_client = utf8mb4 */;
CREATE TABLE `booking_detail` (
  `id` int NOT NULL AUTO_INCREMENT,
  `discount` int DEFAULT NULL,
  `unitPrice` double DEFAULT NULL,
  `booking_id` int DEFAULT NULL,
  `flight_id` int DEFAULT NULL,
  `passenger_id` int DEFAULT NULL,
  `seat_id` int DEFAULT NULL,
  `ticket_id` int DEFAULT NULL,
  PRIMARY KEY (`id`),
  KEY `FK59941ondg9nwaifm2umnrduev` (`booking_id`),
  KEY `FKl0ytynsyrhcrxhxff7nxc185e` (`flight_id`),
  KEY `FK928uwpeiit14ap1i2hqwojst6` (`passenger_id`),
  KEY `FKmex8swj2vph4x0gtjjy57cp68` (`seat_id`),
  KEY `FKr815mxh2tfsv9aro02e14ksy0` (`ticket_id`),
  CONSTRAINT `FK59941ondg9nwaifm2umnrduev` FOREIGN KEY (`booking_id`) REFERENCES `booking` (`id`),
  CONSTRAINT `FK928uwpeiit14ap1i2hqwojst6` FOREIGN KEY (`passenger_id`) REFERENCES `passenger` (`id`),
  CONSTRAINT `FKl0ytynsyrhcrxhxff7nxc185e` FOREIGN KEY (`flight_id`) REFERENCES `flight` (`id`),
  CONSTRAINT `FKmex8swj2vph4x0gtjjy57cp68` FOREIGN KEY (`seat_id`) REFERENCES `seat` (`id`),
  CONSTRAINT `FKr815mxh2tfsv9aro02e14ksy0` FOREIGN KEY (`ticket_id`) REFERENCES `ticket_type` (`id`)
) ENGINE=InnoDB AUTO_INCREMENT=31 DEFAULT CHARSET=utf8mb4 COLLATE=utf8mb4_0900_ai_ci;
/*!40101 SET character_set_client = @saved_cs_client */;

--
-- Dumping data for table `booking_detail`
--

LOCK TABLES `booking_detail` WRITE;
/*!40000 ALTER TABLE `booking_detail` DISABLE KEYS */;
INSERT INTO `booking_detail` VALUES (24,0,700000,18,19,30,10,NULL),(25,0,700000,18,19,31,11,NULL),(26,0,700000,19,19,32,6,NULL),(27,0,700000,19,19,33,12,NULL),(28,0,700000,20,19,34,18,NULL),(29,0,700000,21,29,35,1,NULL),(30,0,700000,21,29,36,2,NULL);
/*!40000 ALTER TABLE `booking_detail` ENABLE KEYS */;
UNLOCK TABLES;

--
-- Table structure for table `city`
--

DROP TABLE IF EXISTS `city`;
/*!40101 SET @saved_cs_client     = @@character_set_client */;
/*!50503 SET character_set_client = utf8mb4 */;
CREATE TABLE `city` (
  `id` int NOT NULL AUTO_INCREMENT,
  `name` varchar(255) DEFAULT NULL,
  `postCode` varchar(255) DEFAULT NULL,
  `country_id` int DEFAULT NULL,
  PRIMARY KEY (`id`),
  KEY `FKrpd7j1p7yxr784adkx4pyepba` (`country_id`),
  CONSTRAINT `FKrpd7j1p7yxr784adkx4pyepba` FOREIGN KEY (`country_id`) REFERENCES `country` (`id`)
) ENGINE=InnoDB AUTO_INCREMENT=11 DEFAULT CHARSET=utf8mb4 COLLATE=utf8mb4_0900_ai_ci;
/*!40101 SET character_set_client = @saved_cs_client */;

--
-- Dumping data for table `city`
--

LOCK TABLES `city` WRITE;
/*!40000 ALTER TABLE `city` DISABLE KEYS */;
INSERT INTO `city` VALUES (1,'Da Nang','550000',1),(2,'Ha Noi','100000',1),(3,'Ho Chi Minh','700000',1),(4,'Hue','530000',1),(5,'Bac Giang','220000',1),(6,'Da Lat','670000',1),(7,'Buon Ma Thuot','630000',1),(8,'Can Tho','900000',1),(9,'Chu Lai','560000',1),(10,'Hai Phong','180000',1);
/*!40000 ALTER TABLE `city` ENABLE KEYS */;
UNLOCK TABLES;

--
-- Table structure for table `country`
--

DROP TABLE IF EXISTS `country`;
/*!40101 SET @saved_cs_client     = @@character_set_client */;
/*!50503 SET character_set_client = utf8mb4 */;
CREATE TABLE `country` (
  `id` int NOT NULL AUTO_INCREMENT,
  `name` varchar(255) DEFAULT NULL,
  `postCode` varchar(255) DEFAULT NULL,
  PRIMARY KEY (`id`)
) ENGINE=InnoDB AUTO_INCREMENT=3 DEFAULT CHARSET=utf8mb4 COLLATE=utf8mb4_0900_ai_ci;
/*!40101 SET character_set_client = @saved_cs_client */;

--
-- Dumping data for table `country`
--

LOCK TABLES `country` WRITE;
/*!40000 ALTER TABLE `country` DISABLE KEYS */;
INSERT INTO `country` VALUES (1,'VietNam','84'),(2,'Japan','81');
/*!40000 ALTER TABLE `country` ENABLE KEYS */;
UNLOCK TABLES;

--
-- Table structure for table `credit_card`
--

DROP TABLE IF EXISTS `credit_card`;
/*!40101 SET @saved_cs_client     = @@character_set_client */;
/*!50503 SET character_set_client = utf8mb4 */;
CREATE TABLE `credit_card` (
  `id` int NOT NULL AUTO_INCREMENT,
  `balance` double DEFAULT NULL,
  `cardNumber` varchar(20) DEFAULT NULL,
  `cvvCode` varchar(255) DEFAULT NULL,
  `expDate` date DEFAULT NULL,
  `fullName` varchar(255) DEFAULT NULL,
  PRIMARY KEY (`id`)
) ENGINE=InnoDB AUTO_INCREMENT=5 DEFAULT CHARSET=utf8mb4 COLLATE=utf8mb4_0900_ai_ci;
/*!40101 SET character_set_client = @saved_cs_client */;

--
-- Dumping data for table `credit_card`
--

LOCK TABLES `credit_card` WRITE;
/*!40000 ALTER TABLE `credit_card` DISABLE KEYS */;
INSERT INTO `credit_card` VALUES (1,39780000,'4263982640269299','778','2025-12-30','Nguyen Vo Dang'),(2,45800000,'4917484589897107','738','2026-12-30','Le Thi Thuong'),(3,20000000,'4001919257537193','748','2027-12-31','Hoang Minh Tung'),(4,50000,'4563224864532','777','2028-12-31','Hoang Dang');
/*!40000 ALTER TABLE `credit_card` ENABLE KEYS */;
UNLOCK TABLES;

--
-- Table structure for table `flight`
--

DROP TABLE IF EXISTS `flight`;
/*!40101 SET @saved_cs_client     = @@character_set_client */;
/*!50503 SET character_set_client = utf8mb4 */;
CREATE TABLE `flight` (
  `id` int NOT NULL AUTO_INCREMENT,
  `departDate` date DEFAULT NULL,
  `aircraft_id` int DEFAULT NULL,
  `airline_id` int DEFAULT NULL,
  `flight_route_id` int DEFAULT NULL,
  `departTime` time DEFAULT NULL,
  `arrivalTime` time DEFAULT NULL,
  PRIMARY KEY (`id`),
  KEY `FKmofq89ullrd4qk1hllnyf8pn5` (`aircraft_id`),
  KEY `FK37wfh52g7g91rllg104gfq3yv` (`airline_id`),
  KEY `FK5ve5r5lw406h441rfbedn826u` (`flight_route_id`),
  CONSTRAINT `FK37wfh52g7g91rllg104gfq3yv` FOREIGN KEY (`airline_id`) REFERENCES `airline` (`id`),
  CONSTRAINT `FK5ve5r5lw406h441rfbedn826u` FOREIGN KEY (`flight_route_id`) REFERENCES `flight_route` (`id`),
  CONSTRAINT `FKmofq89ullrd4qk1hllnyf8pn5` FOREIGN KEY (`aircraft_id`) REFERENCES `aircraft` (`id`)
) ENGINE=InnoDB AUTO_INCREMENT=38 DEFAULT CHARSET=utf8mb4 COLLATE=utf8mb4_0900_ai_ci;
/*!40101 SET character_set_client = @saved_cs_client */;

--
-- Dumping data for table `flight`
--

LOCK TABLES `flight` WRITE;
/*!40000 ALTER TABLE `flight` DISABLE KEYS */;
INSERT INTO `flight` VALUES (1,'2021-11-02',1,1,1,'12:20:00',NULL),(2,'2021-11-03',2,2,1,'18:50:00',NULL),(3,'2021-11-02',2,2,2,'20:00:00',NULL),(4,'2021-11-02',1,1,2,'03:00:00',NULL),(5,'2021-11-15',1,1,2,'15:00:00',NULL),(6,'2021-11-02',2,2,1,'20:00:00',NULL),(7,'2021-11-14',1,1,1,'09:30:00',NULL),(8,'2021-11-14',2,1,1,'15:30:00',NULL),(9,'2021-11-14',1,2,1,'20:30:00',NULL),(10,'2021-11-15',2,1,2,'08:00:00',NULL),(11,'2021-11-15',1,2,2,'16:00:00',NULL),(12,'2021-11-26',2,1,1,'16:00:00',NULL),(13,'2021-11-28',1,1,1,'20:00:00','22:30:00'),(14,'2021-11-28',2,2,1,'14:00:00','15:30:00'),(15,'2021-11-28',3,2,1,'09:00:00','10:15:00'),(16,'2021-11-29',1,1,2,'12:00:00','14:30:00'),(17,'2021-11-29',2,2,2,'08:00:00','10:30:00'),(18,'2021-11-29',3,2,2,'02:00:00','04:00:00'),(19,'2021-12-04',1,4,1,'19:30:00','21:00:00'),(20,'2021-12-04',2,3,1,'08:00:00','09:30:00'),(21,'2021-12-04',3,2,1,'12:00:00','01:30:00'),(22,'2021-12-04',1,4,2,'14:00:00','15:30:00'),(23,'2021-12-04',2,3,2,'14:00:00','15:30:00'),(24,'2021-12-04',3,2,2,'18:00:00','19:30:00'),(25,'2021-12-04',4,1,3,'08:00:00','09:40:00'),(26,'2021-12-04',5,2,3,'10:00:00','11:40:00'),(27,'2021-12-04',4,1,4,'15:00:00','16:40:00'),(28,'2021-12-04',5,2,4,'16:00:00','17:40:00'),(29,'2021-12-05',1,1,1,'15:00:00','16:30:00'),(30,'2021-12-05',2,2,1,'20:00:00','21:30:00'),(31,'2021-12-05',3,3,1,'22:00:00','23:30:00'),(32,'2021-12-08',1,1,1,'08:00:00','09:30:00'),(33,'2021-12-08',2,2,1,'10:00:00','11:30:00'),(34,'2021-12-08',3,3,1,'18:00:00','19:30:00'),(35,'2021-12-10',1,1,2,'20:00:00','21:30:00'),(36,'2021-12-10',2,2,2,'16:00:00','17:30:00'),(37,'2021-12-10',3,3,2,'08:00:00','09:30:00');
/*!40000 ALTER TABLE `flight` ENABLE KEYS */;
UNLOCK TABLES;

--
-- Table structure for table `flight_route`
--

DROP TABLE IF EXISTS `flight_route`;
/*!40101 SET @saved_cs_client     = @@character_set_client */;
/*!50503 SET character_set_client = utf8mb4 */;
CREATE TABLE `flight_route` (
  `id` int NOT NULL AUTO_INCREMENT,
  `distance` double DEFAULT NULL,
  `duration` int DEFAULT NULL,
  `standardPrice` double DEFAULT NULL,
  `departure_id` int DEFAULT NULL,
  `destination_id` int DEFAULT NULL,
  PRIMARY KEY (`id`),
  KEY `FKq90o5ulmfbvijl9xjc1j0nxqp` (`departure_id`),
  KEY `FK3d4i85m55vmvx28ulgwduo1ha` (`destination_id`),
  CONSTRAINT `FK3d4i85m55vmvx28ulgwduo1ha` FOREIGN KEY (`destination_id`) REFERENCES `airport` (`id`),
  CONSTRAINT `FKq90o5ulmfbvijl9xjc1j0nxqp` FOREIGN KEY (`departure_id`) REFERENCES `airport` (`id`)
) ENGINE=InnoDB AUTO_INCREMENT=9 DEFAULT CHARSET=utf8mb4 COLLATE=utf8mb4_0900_ai_ci;
/*!40101 SET character_set_client = @saved_cs_client */;

--
-- Dumping data for table `flight_route`
--

LOCK TABLES `flight_route` WRITE;
/*!40000 ALTER TABLE `flight_route` DISABLE KEYS */;
INSERT INTO `flight_route` VALUES (1,768,90,500000,1,2),(2,768,90,500000,2,1),(3,837,100,600000,1,3),(4,837,100,600000,3,1),(5,1600,200,1000000,2,3),(6,1600,200,1000000,3,2),(7,1500,220,1200000,1,5),(8,800,90,550000,1,6);
/*!40000 ALTER TABLE `flight_route` ENABLE KEYS */;
UNLOCK TABLES;

--
-- Table structure for table `image`
--

DROP TABLE IF EXISTS `image`;
/*!40101 SET @saved_cs_client     = @@character_set_client */;
/*!50503 SET character_set_client = utf8mb4 */;
CREATE TABLE `image` (
  `id` int NOT NULL AUTO_INCREMENT,
  `name` varchar(255) DEFAULT NULL,
  `aircraft_id` int DEFAULT NULL,
  `airport_id` int DEFAULT NULL,
  `service_id` int DEFAULT NULL,
  PRIMARY KEY (`id`),
  KEY `FKhe1jkoqp44mte3u1221r4j2s5` (`aircraft_id`),
  KEY `FKr3v11sq0fbqjqhb5xenrcob3c` (`airport_id`),
  KEY `FKn6wcxemqp1wb32ww47lilxktv` (`service_id`),
  CONSTRAINT `FKhe1jkoqp44mte3u1221r4j2s5` FOREIGN KEY (`aircraft_id`) REFERENCES `aircraft` (`id`),
  CONSTRAINT `FKn6wcxemqp1wb32ww47lilxktv` FOREIGN KEY (`service_id`) REFERENCES `service` (`id`),
  CONSTRAINT `FKr3v11sq0fbqjqhb5xenrcob3c` FOREIGN KEY (`airport_id`) REFERENCES `airport` (`id`)
) ENGINE=InnoDB DEFAULT CHARSET=utf8mb4 COLLATE=utf8mb4_0900_ai_ci;
/*!40101 SET character_set_client = @saved_cs_client */;

--
-- Dumping data for table `image`
--

LOCK TABLES `image` WRITE;
/*!40000 ALTER TABLE `image` DISABLE KEYS */;
/*!40000 ALTER TABLE `image` ENABLE KEYS */;
UNLOCK TABLES;

--
-- Table structure for table `passenger`
--

DROP TABLE IF EXISTS `passenger`;
/*!40101 SET @saved_cs_client     = @@character_set_client */;
/*!50503 SET character_set_client = utf8mb4 */;
CREATE TABLE `passenger` (
  `id` int NOT NULL AUTO_INCREMENT,
  `address` varchar(255) DEFAULT NULL,
  `birthday` date DEFAULT NULL,
  `email` varchar(255) DEFAULT NULL,
  `fullName` varchar(255) DEFAULT NULL,
  `gender` varchar(255) DEFAULT NULL,
  `phone` varchar(255) DEFAULT NULL,
  `idenCode` varchar(255) DEFAULT NULL,
  PRIMARY KEY (`id`)
) ENGINE=InnoDB AUTO_INCREMENT=37 DEFAULT CHARSET=utf8mb4 COLLATE=utf8mb4_0900_ai_ci;
/*!40101 SET character_set_client = @saved_cs_client */;

--
-- Dumping data for table `passenger`
--

LOCK TABLES `passenger` WRITE;
/*!40000 ALTER TABLE `passenger` DISABLE KEYS */;
INSERT INTO `passenger` VALUES (29,NULL,NULL,NULL,NULL,NULL,NULL,'19760325'),(30,'Da Nang','1996-12-18','nguyenvodang181296@gmail.com','Nguyen Vo Dang','MALE','0359164808','19760325'),(31,'Da Nang','1996-12-18','nguyenvodang181296@gmail.com','Nguyn Th Hng','FEMALE','0359164808','1356499'),(32,'Da Nang','1996-12-18','nguyenvodang181296@gmail.com','Nguyen Vo Dang','MALE','0359164808','1356499'),(33,'Da Nang','1996-12-18','nguyenvodang181296@gmail.com','nguyen tuong vi','FEMALE','0359164808','19760325'),(34,'Da Nang','1996-12-18','nguyenvodang181296@gmail.com','Nguyen Minh Tung','MALE','0359164808','168502630'),(35,'Da Nang','1996-12-18','nguyenvodang181296@gmail.com','Nguyen Vo Dang','MALE','0359164808','13564991'),(36,'Da Nang','1996-12-18','nguyenvodang181296@gmail.com','nguyen tuong vi','FEMALE','0359164808','135649912');
/*!40000 ALTER TABLE `passenger` ENABLE KEYS */;
UNLOCK TABLES;

--
-- Table structure for table `payment`
--

DROP TABLE IF EXISTS `payment`;
/*!40101 SET @saved_cs_client     = @@character_set_client */;
/*!50503 SET character_set_client = utf8mb4 */;
CREATE TABLE `payment` (
  `id` int NOT NULL AUTO_INCREMENT,
  `amount` double DEFAULT NULL,
  `description` varchar(255) DEFAULT NULL,
  `paymentDate` date DEFAULT NULL,
  `booking__id` int DEFAULT NULL,
  `creditCard_id` int DEFAULT NULL,
  PRIMARY KEY (`id`),
  KEY `FK7x1b4wpxgmx4mn9e7ou9jxuum` (`booking__id`),
  KEY `FKf0jfi2qyrm8ihxe8003c7vi1m` (`creditCard_id`),
  CONSTRAINT `FK7x1b4wpxgmx4mn9e7ou9jxuum` FOREIGN KEY (`booking__id`) REFERENCES `booking` (`id`),
  CONSTRAINT `FKf0jfi2qyrm8ihxe8003c7vi1m` FOREIGN KEY (`creditCard_id`) REFERENCES `credit_card` (`id`)
) ENGINE=InnoDB AUTO_INCREMENT=15 DEFAULT CHARSET=utf8mb4 COLLATE=utf8mb4_0900_ai_ci;
/*!40101 SET character_set_client = @saved_cs_client */;

--
-- Dumping data for table `payment`
--

LOCK TABLES `payment` WRITE;
/*!40000 ALTER TABLE `payment` DISABLE KEYS */;
INSERT INTO `payment` VALUES (11,1710000,'Booking success','2021-12-04',18,1),(12,1730000,'Booking success','2021-12-04',19,1),(13,935000,'Booking success','2021-12-04',20,1),(14,1710000,'Booking success','2021-12-04',21,1);
/*!40000 ALTER TABLE `payment` ENABLE KEYS */;
UNLOCK TABLES;

--
-- Table structure for table `promotion`
--

DROP TABLE IF EXISTS `promotion`;
/*!40101 SET @saved_cs_client     = @@character_set_client */;
/*!50503 SET character_set_client = utf8mb4 */;
CREATE TABLE `promotion` (
  `id` int NOT NULL AUTO_INCREMENT,
  `desciption` varchar(255) DEFAULT NULL,
  `discount` int DEFAULT NULL,
  `endDate` date DEFAULT NULL,
  `name` varchar(255) DEFAULT NULL,
  `startDate` date DEFAULT NULL,
  `status` int DEFAULT NULL,
  PRIMARY KEY (`id`)
) ENGINE=InnoDB DEFAULT CHARSET=utf8mb4 COLLATE=utf8mb4_0900_ai_ci;
/*!40101 SET character_set_client = @saved_cs_client */;

--
-- Dumping data for table `promotion`
--

LOCK TABLES `promotion` WRITE;
/*!40000 ALTER TABLE `promotion` DISABLE KEYS */;
/*!40000 ALTER TABLE `promotion` ENABLE KEYS */;
UNLOCK TABLES;

--
-- Table structure for table `promotion_flight`
--

DROP TABLE IF EXISTS `promotion_flight`;
/*!40101 SET @saved_cs_client     = @@character_set_client */;
/*!50503 SET character_set_client = utf8mb4 */;
CREATE TABLE `promotion_flight` (
  `promotion_id` int NOT NULL,
  `flight_id` int NOT NULL,
  KEY `FKcbgwxp4kkdsuc4hrdp6x6j9y` (`flight_id`),
  KEY `FKe4nrj9fjmaoe2rtuxx8g3jotw` (`promotion_id`),
  CONSTRAINT `FKcbgwxp4kkdsuc4hrdp6x6j9y` FOREIGN KEY (`flight_id`) REFERENCES `flight` (`id`),
  CONSTRAINT `FKe4nrj9fjmaoe2rtuxx8g3jotw` FOREIGN KEY (`promotion_id`) REFERENCES `promotion` (`id`)
) ENGINE=InnoDB DEFAULT CHARSET=utf8mb4 COLLATE=utf8mb4_0900_ai_ci;
/*!40101 SET character_set_client = @saved_cs_client */;

--
-- Dumping data for table `promotion_flight`
--

LOCK TABLES `promotion_flight` WRITE;
/*!40000 ALTER TABLE `promotion_flight` DISABLE KEYS */;
/*!40000 ALTER TABLE `promotion_flight` ENABLE KEYS */;
UNLOCK TABLES;

--
-- Table structure for table `seat`
--

DROP TABLE IF EXISTS `seat`;
/*!40101 SET @saved_cs_client     = @@character_set_client */;
/*!50503 SET character_set_client = utf8mb4 */;
CREATE TABLE `seat` (
  `id` int NOT NULL AUTO_INCREMENT,
  `number` varchar(255) NOT NULL,
  PRIMARY KEY (`id`)
) ENGINE=InnoDB AUTO_INCREMENT=301 DEFAULT CHARSET=utf8mb4 COLLATE=utf8mb4_0900_ai_ci;
/*!40101 SET character_set_client = @saved_cs_client */;

--
-- Dumping data for table `seat`
--

LOCK TABLES `seat` WRITE;
/*!40000 ALTER TABLE `seat` DISABLE KEYS */;
INSERT INTO `seat` VALUES (1,'1A'),(2,'1B'),(3,'1C'),(4,'1D'),(5,'1E'),(6,'1F'),(7,'2A'),(8,'2B'),(9,'2C'),(10,'2D'),(11,'2E'),(12,'2F'),(13,'3A'),(14,'3B'),(15,'3C'),(16,'3D'),(17,'3E'),(18,'3F'),(19,'4A'),(20,'4B'),(21,'4C'),(22,'4D'),(23,'4E'),(24,'4F'),(25,'5A'),(26,'5B'),(27,'5C'),(28,'5D'),(29,'5E'),(30,'5F'),(31,'6A'),(32,'6B'),(33,'6C'),(34,'6D'),(35,'6E'),(36,'6F'),(37,'7A'),(38,'7B'),(39,'7C'),(40,'7D'),(41,'7E'),(42,'7F'),(43,'8A'),(44,'8B'),(45,'8C'),(46,'8D'),(47,'8E'),(48,'8F'),(49,'9A'),(50,'9B'),(51,'9C'),(52,'9D'),(53,'9E'),(54,'9F'),(55,'10A'),(56,'10B'),(57,'10C'),(58,'10D'),(59,'10E'),(60,'10F'),(61,'11A'),(62,'11B'),(63,'11C'),(64,'11D'),(65,'11E'),(66,'11F'),(67,'12A'),(68,'12B'),(69,'12C'),(70,'12D'),(71,'12E'),(72,'12F'),(73,'13A'),(74,'13B'),(75,'13C'),(76,'13D'),(77,'13E'),(78,'13F'),(79,'14A'),(80,'14B'),(81,'14C'),(82,'14D'),(83,'14E'),(84,'14F'),(85,'15A'),(86,'15B'),(87,'15C'),(88,'15D'),(89,'15E'),(90,'15F'),(91,'16A'),(92,'16B'),(93,'16C'),(94,'16D'),(95,'16E'),(96,'16F'),(97,'17A'),(98,'17B'),(99,'17C'),(100,'17D'),(101,'17E'),(102,'17F'),(103,'18A'),(104,'18B'),(105,'18C'),(106,'18D'),(107,'18E'),(108,'18F'),(109,'19A'),(110,'19B'),(111,'19C'),(112,'19D'),(113,'19E'),(114,'19F'),(115,'20A'),(116,'20B'),(117,'20C'),(118,'20D'),(119,'20E'),(120,'20F'),(121,'21A'),(122,'21B'),(123,'21C'),(124,'21D'),(125,'21E'),(126,'21F'),(127,'22A'),(128,'22B'),(129,'22C'),(130,'22D'),(131,'22E'),(132,'22F'),(133,'23A'),(134,'23B'),(135,'23C'),(136,'23D'),(137,'23E'),(138,'23F'),(139,'24A'),(140,'24B'),(141,'24C'),(142,'24D'),(143,'24E'),(144,'24F'),(145,'25A'),(146,'25B'),(147,'25C'),(148,'25D'),(149,'25E'),(150,'25F'),(151,'26A'),(152,'26B'),(153,'26C'),(154,'26D'),(155,'26E'),(156,'26F'),(157,'27A'),(158,'27B'),(159,'27C'),(160,'27D'),(161,'27E'),(162,'27F'),(163,'28A'),(164,'28B'),(165,'28C'),(166,'28D'),(167,'28E'),(168,'28F'),(169,'29A'),(170,'29B'),(171,'29C'),(172,'29D'),(173,'29E'),(174,'29F'),(175,'30A'),(176,'30B'),(177,'30C'),(178,'30D'),(179,'30E'),(180,'30F'),(181,'31A'),(182,'31B'),(183,'31C'),(184,'31D'),(185,'31E'),(186,'31F'),(187,'32A'),(188,'32B'),(189,'32C'),(190,'32D'),(191,'32E'),(192,'32F'),(193,'33A'),(194,'33B'),(195,'33C'),(196,'33D'),(197,'33E'),(198,'33F'),(199,'34A'),(200,'34B'),(201,'34C'),(202,'34D'),(203,'34E'),(204,'34F'),(205,'35A'),(206,'35B'),(207,'35C'),(208,'35D'),(209,'35E'),(210,'35F'),(211,'36A'),(212,'36B'),(213,'36C'),(214,'36D'),(215,'36E'),(216,'36F'),(217,'37A'),(218,'37B'),(219,'37C'),(220,'37D'),(221,'37E'),(222,'37F'),(223,'38A'),(224,'38B'),(225,'38C'),(226,'38D'),(227,'38E'),(228,'38F'),(229,'39A'),(230,'39B'),(231,'39C'),(232,'39D'),(233,'39E'),(234,'39F'),(235,'40A'),(236,'40B'),(237,'40C'),(238,'40D'),(239,'40E'),(240,'40F'),(241,'41A'),(242,'41B'),(243,'41C'),(244,'41D'),(245,'41E'),(246,'41F'),(247,'42A'),(248,'42B'),(249,'42C'),(250,'42D'),(251,'42E'),(252,'42F'),(253,'43A'),(254,'43B'),(255,'43C'),(256,'43D'),(257,'43E'),(258,'43F'),(259,'44A'),(260,'44B'),(261,'44C'),(262,'44D'),(263,'44E'),(264,'44F'),(265,'45A'),(266,'45B'),(267,'45C'),(268,'45D'),(269,'45E'),(270,'45F'),(271,'46A'),(272,'46B'),(273,'46C'),(274,'46D'),(275,'46E'),(276,'46F'),(277,'47A'),(278,'47B'),(279,'47C'),(280,'47D'),(281,'47E'),(282,'47F'),(283,'48A'),(284,'48B'),(285,'48C'),(286,'48D'),(287,'48E'),(288,'48F'),(289,'49A'),(290,'49B'),(291,'49C'),(292,'49D'),(293,'49E'),(294,'49F'),(295,'50A'),(296,'50B'),(297,'50C'),(298,'50D'),(299,'50E'),(300,'50F');
/*!40000 ALTER TABLE `seat` ENABLE KEYS */;
UNLOCK TABLES;

--
-- Table structure for table `seat_status`
--

DROP TABLE IF EXISTS `seat_status`;
/*!40101 SET @saved_cs_client     = @@character_set_client */;
/*!50503 SET character_set_client = utf8mb4 */;
CREATE TABLE `seat_status` (
  `id` int NOT NULL AUTO_INCREMENT,
  `seatStatus` varchar(255) DEFAULT NULL,
  PRIMARY KEY (`id`)
) ENGINE=InnoDB AUTO_INCREMENT=4 DEFAULT CHARSET=utf8mb4 COLLATE=utf8mb4_0900_ai_ci;
/*!40101 SET character_set_client = @saved_cs_client */;

--
-- Dumping data for table `seat_status`
--

LOCK TABLES `seat_status` WRITE;
/*!40000 ALTER TABLE `seat_status` DISABLE KEYS */;
INSERT INTO `seat_status` VALUES (1,'AVAILABLE'),(2,'PROCESSING'),(3,'RESERVED');
/*!40000 ALTER TABLE `seat_status` ENABLE KEYS */;
UNLOCK TABLES;

--
-- Table structure for table `seat_type`
--

DROP TABLE IF EXISTS `seat_type`;
/*!40101 SET @saved_cs_client     = @@character_set_client */;
/*!50503 SET character_set_client = utf8mb4 */;
CREATE TABLE `seat_type` (
  `id` int NOT NULL AUTO_INCREMENT,
  `seatType` varchar(255) DEFAULT NULL,
  `price` double DEFAULT NULL,
  PRIMARY KEY (`id`)
) ENGINE=InnoDB AUTO_INCREMENT=4 DEFAULT CHARSET=utf8mb4 COLLATE=utf8mb4_0900_ai_ci;
/*!40101 SET character_set_client = @saved_cs_client */;

--
-- Dumping data for table `seat_type`
--

LOCK TABLES `seat_type` WRITE;
/*!40000 ALTER TABLE `seat_type` DISABLE KEYS */;
INSERT INTO `seat_type` VALUES (1,'FIRST_CLASS',200000),(2,'BUSINESS',100000),(3,'ECONOMY',50000);
/*!40000 ALTER TABLE `seat_type` ENABLE KEYS */;
UNLOCK TABLES;

--
-- Table structure for table `service`
--

DROP TABLE IF EXISTS `service`;
/*!40101 SET @saved_cs_client     = @@character_set_client */;
/*!50503 SET character_set_client = utf8mb4 */;
CREATE TABLE `service` (
  `id` int NOT NULL AUTO_INCREMENT,
  `description` varchar(255) DEFAULT NULL,
  `name` varchar(255) DEFAULT NULL,
  `price` double DEFAULT NULL,
  `status` varchar(255) DEFAULT NULL,
  PRIMARY KEY (`id`)
) ENGINE=InnoDB AUTO_INCREMENT=12 DEFAULT CHARSET=utf8mb4 COLLATE=utf8mb4_0900_ai_ci;
/*!40101 SET character_set_client = @saved_cs_client */;

--
-- Dumping data for table `service`
--

LOCK TABLES `service` WRITE;
/*!40000 ALTER TABLE `service` DISABLE KEYS */;
INSERT INTO `service` VALUES (1,'15kg','luggage',155000,'AVAILABLE'),(2,'20kg','luggage',175000,'AVAILABLE'),(3,'25kg','luggage',235000,'AVAILABLE'),(4,'30kg','luggage',335000,'AVAILABLE'),(5,'35kg','luggage',385000,'AVAILABLE'),(6,'40kg','luggage',450000,'AVAILABLE'),(7,'45kg','luggage',500000,'AVAILABLE'),(8,'50kg luggage',NULL,600000,'AVAILABLE'),(9,'50kg','luggage',600000,'AVAILABLE'),(10,'55kg','luggage',700000,'AVAILABLE'),(11,'10kg','luggage',0,'AVAILABLE');
/*!40000 ALTER TABLE `service` ENABLE KEYS */;
UNLOCK TABLES;

--
-- Table structure for table `service_booking`
--

DROP TABLE IF EXISTS `service_booking`;
/*!40101 SET @saved_cs_client     = @@character_set_client */;
/*!50503 SET character_set_client = utf8mb4 */;
CREATE TABLE `service_booking` (
  `id` int NOT NULL AUTO_INCREMENT,
  `price` double DEFAULT NULL,
  `quantity` int DEFAULT NULL,
  `booking_detail_id` int DEFAULT NULL,
  `service_id` int DEFAULT NULL,
  PRIMARY KEY (`id`),
  KEY `FKnkolpdkbywa8gnr2uwqk5uxpi` (`booking_detail_id`),
  KEY `FKfhagsornipto6hjb58le3g4s2` (`service_id`),
  CONSTRAINT `FKfhagsornipto6hjb58le3g4s2` FOREIGN KEY (`service_id`) REFERENCES `service` (`id`),
  CONSTRAINT `FKnkolpdkbywa8gnr2uwqk5uxpi` FOREIGN KEY (`booking_detail_id`) REFERENCES `booking_detail` (`id`)
) ENGINE=InnoDB AUTO_INCREMENT=14 DEFAULT CHARSET=utf8mb4 COLLATE=utf8mb4_0900_ai_ci;
/*!40101 SET character_set_client = @saved_cs_client */;

--
-- Dumping data for table `service_booking`
--

LOCK TABLES `service_booking` WRITE;
/*!40000 ALTER TABLE `service_booking` DISABLE KEYS */;
INSERT INTO `service_booking` VALUES (7,155000,1,24,1),(8,155000,1,25,1),(9,155000,1,26,1),(10,175000,1,27,2),(11,235000,1,28,3),(12,155000,1,29,1),(13,155000,1,30,1);
/*!40000 ALTER TABLE `service_booking` ENABLE KEYS */;
UNLOCK TABLES;

--
-- Table structure for table `ticket_type`
--

DROP TABLE IF EXISTS `ticket_type`;
/*!40101 SET @saved_cs_client     = @@character_set_client */;
/*!50503 SET character_set_client = utf8mb4 */;
CREATE TABLE `ticket_type` (
  `id` int NOT NULL AUTO_INCREMENT,
  `ticketType` varchar(255) DEFAULT NULL,
  PRIMARY KEY (`id`)
) ENGINE=InnoDB DEFAULT CHARSET=utf8mb4 COLLATE=utf8mb4_0900_ai_ci;
/*!40101 SET character_set_client = @saved_cs_client */;

--
-- Dumping data for table `ticket_type`
--

LOCK TABLES `ticket_type` WRITE;
/*!40000 ALTER TABLE `ticket_type` DISABLE KEYS */;
/*!40000 ALTER TABLE `ticket_type` ENABLE KEYS */;
UNLOCK TABLES;

--
-- Table structure for table `user`
--

DROP TABLE IF EXISTS `user`;
/*!40101 SET @saved_cs_client     = @@character_set_client */;
/*!50503 SET character_set_client = utf8mb4 */;
CREATE TABLE `user` (
  `id` int NOT NULL AUTO_INCREMENT,
  `email` varchar(100) DEFAULT NULL,
  `password` varchar(255) DEFAULT NULL,
  `status` varchar(255) NOT NULL,
  PRIMARY KEY (`id`),
  UNIQUE KEY `UK_ob8kqyqqgmefl0aco34akdtpe` (`email`),
  UNIQUE KEY `UKob8kqyqqgmefl0aco34akdtpe` (`email`)
) ENGINE=InnoDB AUTO_INCREMENT=3 DEFAULT CHARSET=utf8mb4 COLLATE=utf8mb4_0900_ai_ci;
/*!40101 SET character_set_client = @saved_cs_client */;

--
-- Dumping data for table `user`
--

LOCK TABLES `user` WRITE;
/*!40000 ALTER TABLE `user` DISABLE KEYS */;
INSERT INTO `user` VALUES (1,'dangnguyen@gmail.com','$2a$10$ccirjvBYxs/o5kWcUELPbe0f.n9YoAzpT.Ht.NHePTLav356q84CS','ACTIVE'),(2,'haian@gmail.com','$2a$10$6terDRO10UvjEZpfgjjj1.kfjUmannCBiqeeSnep8FA/PwUzlUBRu','ACTIVE');
/*!40000 ALTER TABLE `user` ENABLE KEYS */;
UNLOCK TABLES;

--
-- Table structure for table `user_role`
--

DROP TABLE IF EXISTS `user_role`;
/*!40101 SET @saved_cs_client     = @@character_set_client */;
/*!50503 SET character_set_client = utf8mb4 */;
CREATE TABLE `user_role` (
  `id` int NOT NULL AUTO_INCREMENT,
  `role` varchar(255) DEFAULT NULL,
  PRIMARY KEY (`id`)
) ENGINE=InnoDB AUTO_INCREMENT=4 DEFAULT CHARSET=utf8mb4 COLLATE=utf8mb4_0900_ai_ci;
/*!40101 SET character_set_client = @saved_cs_client */;

--
-- Dumping data for table `user_role`
--

LOCK TABLES `user_role` WRITE;
/*!40000 ALTER TABLE `user_role` DISABLE KEYS */;
INSERT INTO `user_role` VALUES (1,'ROLE_USER'),(2,'ROLE_ADMIN'),(3,'ROLE_MANAGER');
/*!40000 ALTER TABLE `user_role` ENABLE KEYS */;
UNLOCK TABLES;

--
-- Table structure for table `user_role_relationship`
--

DROP TABLE IF EXISTS `user_role_relationship`;
/*!40101 SET @saved_cs_client     = @@character_set_client */;
/*!50503 SET character_set_client = utf8mb4 */;
CREATE TABLE `user_role_relationship` (
  `user_id` int NOT NULL,
  `role_id` int NOT NULL,
  PRIMARY KEY (`user_id`,`role_id`),
  KEY `FKjrky4py4v4t0v3aw7mmc92sne` (`role_id`),
  CONSTRAINT `FKehp88qoke5p45o64h3j6p08q5` FOREIGN KEY (`user_id`) REFERENCES `user` (`id`),
  CONSTRAINT `FKjrky4py4v4t0v3aw7mmc92sne` FOREIGN KEY (`role_id`) REFERENCES `user_role` (`id`)
) ENGINE=InnoDB DEFAULT CHARSET=utf8mb4 COLLATE=utf8mb4_0900_ai_ci;
/*!40101 SET character_set_client = @saved_cs_client */;

--
-- Dumping data for table `user_role_relationship`
--

LOCK TABLES `user_role_relationship` WRITE;
/*!40000 ALTER TABLE `user_role_relationship` DISABLE KEYS */;
INSERT INTO `user_role_relationship` VALUES (1,1),(2,2),(2,3);
/*!40000 ALTER TABLE `user_role_relationship` ENABLE KEYS */;
UNLOCK TABLES;
/*!40103 SET TIME_ZONE=@OLD_TIME_ZONE */;

/*!40101 SET SQL_MODE=@OLD_SQL_MODE */;
/*!40014 SET FOREIGN_KEY_CHECKS=@OLD_FOREIGN_KEY_CHECKS */;
/*!40014 SET UNIQUE_CHECKS=@OLD_UNIQUE_CHECKS */;
/*!40101 SET CHARACTER_SET_CLIENT=@OLD_CHARACTER_SET_CLIENT */;
/*!40101 SET CHARACTER_SET_RESULTS=@OLD_CHARACTER_SET_RESULTS */;
/*!40101 SET COLLATION_CONNECTION=@OLD_COLLATION_CONNECTION */;
/*!40111 SET SQL_NOTES=@OLD_SQL_NOTES */;

-- Dump completed on 2022-01-04 23:51:39
